DROP DATABASE IF EXISTS `ApnaBazaar`;
CREATE DATABASE `ApnaBazaar`; 
USE `ApnaBazaar`;

SET character_set_client = utf8mb4 ;

create table Customer (
	CustomerID INT,
	CustomerName VARCHAR(50),
	EmailID VARCHAR(50),
	Address VARCHAR(50),
    primary key (`CustomerID`)
);
insert into Customer (CustomerID, CustomerName, EmailID, Address) values (1, 'Isaac', 'ihuc0@list-manage.com', '1422 Bluejay Center');
insert into Customer (CustomerID, CustomerName, EmailID, Address) values (2, 'Carson', 'cmarcq1@google.nl', '384 Riverside Crossing');
insert into Customer (CustomerID, CustomerName, EmailID, Address) values (3, 'Son', 'sgoodings2@who.int', '398 Northport Court');
insert into Customer (CustomerID, CustomerName, EmailID, Address) values (4, 'Sayre', 'smeineking3@t-online.de', '3131 Prentice Center');
insert into Customer (CustomerID, CustomerName, EmailID, Address) values (5, 'Nonna', 'nbearns4@princeton.edu', '27 Mayer Lane');
insert into Customer (CustomerID, CustomerName, EmailID, Address) values (6, 'Hubert', 'hganley5@examiner.com', '7 Monterey Road');
insert into Customer (CustomerID, CustomerName, EmailID, Address) values (7, 'Aland', 'alegrand6@washington.edu', '85800 Ronald Regan Hill');
insert into Customer (CustomerID, CustomerName, EmailID, Address) values (8, 'Corella', 'cguyet7@hexun.com', '50 Prairieview Center');
insert into Customer (CustomerID, CustomerName, EmailID, Address) values (9, 'Ashlin', 'agrazier8@t.co', '1819 Fallview Circle');
insert into Customer (CustomerID, CustomerName, EmailID, Address) values (10, 'Barbabas', 'bneal9@foxnews.com', '75 Shasta Point');
insert into Customer (CustomerID, CustomerName, EmailID, Address) values (11, 'Shelly', 'skerforda@virginia.edu', '183 Dakota Hill');
insert into Customer (CustomerID, CustomerName, EmailID, Address) values (12, 'Marcos', 'mkeywoodb@adobe.com', '63 La Follette Plaza');
insert into Customer (CustomerID, CustomerName, EmailID, Address) values (13, 'Aguste', 'adickc@wufoo.com', '253 Victoria Court');
insert into Customer (CustomerID, CustomerName, EmailID, Address) values (14, 'Lorianna', 'lkelld@tamu.edu', '98909 Katie Hill');
insert into Customer (CustomerID, CustomerName, EmailID, Address) values (15, 'Lorilyn', 'lpercye@imdb.com', '271 Killdeer Hill');
insert into Customer (CustomerID, CustomerName, EmailID, Address) values (16, 'Abbey', 'atottemf@sbwire.com', '027 Dunning Pass');
insert into Customer (CustomerID, CustomerName, EmailID, Address) values (17, 'Ammamaria', 'ashrigleyg@acquirethisname.com', '45 Eagan Hill');
insert into Customer (CustomerID, CustomerName, EmailID, Address) values (18, 'Sibeal', 'smcgiffieh@vk.com', '14074 Barby Park');
insert into Customer (CustomerID, CustomerName, EmailID, Address) values (19, 'Julia', 'jbrasneri@indiegogo.com', '7 Manufacturers Alley');
insert into Customer (CustomerID, CustomerName, EmailID, Address) values (20, 'Lennard', 'lhanniganej@marketwatch.com', '428 Dryden Parkway');
insert into Customer (CustomerID, CustomerName, EmailID, Address) values (21, 'Nona', 'nboldryk@multiply.com', '82753 Mayer Avenue');
insert into Customer (CustomerID, CustomerName, EmailID, Address) values (22, 'Annnora', 'aguillel@feedburner.com', '94523 Sutteridge Parkway');
insert into Customer (CustomerID, CustomerName, EmailID, Address) values (23, 'Legra', 'ldowsingm@stumbleupon.com', '1 Sauthoff Point');
insert into Customer (CustomerID, CustomerName, EmailID, Address) values (24, 'Angeline', 'asegotn@accuweather.com', '72219 East Parkway');
insert into Customer (CustomerID, CustomerName, EmailID, Address) values (25, 'Bonnibelle', 'baucutto@wp.com', '9 Vernon Lane');
insert into Customer (CustomerID, CustomerName, EmailID, Address) values (26, 'Marchelle', 'mmayzep@tumblr.com', '12 Bellgrove Avenue');
insert into Customer (CustomerID, CustomerName, EmailID, Address) values (27, 'Christi', 'cwoolfordq@mapquest.com', '885 Sachtjen Avenue');
insert into Customer (CustomerID, CustomerName, EmailID, Address) values (28, 'Harlin', 'hkellartr@ucoz.ru', '8652 Mallard Circle');
insert into Customer (CustomerID, CustomerName, EmailID, Address) values (29, 'Hyacintha', 'hdipietros@ovh.net', '43676 Village Green Street');
insert into Customer (CustomerID, CustomerName, EmailID, Address) values (30, 'Averyl', 'adoudnyt@cbslocal.com', '905 Mallard Road');
insert into Customer (CustomerID, CustomerName, EmailID, Address) values (31, 'Virginia', 'vcolwellu@businessweek.com', '404 Spaight Terrace');
insert into Customer (CustomerID, CustomerName, EmailID, Address) values (32, 'Farrell', 'fcorkhillv@vistaprint.com', '5860 Bonner Terrace');
insert into Customer (CustomerID, CustomerName, EmailID, Address) values (33, 'Andres', 'aamericiw@ca.gov', '74912 Forest Street');
insert into Customer (CustomerID, CustomerName, EmailID, Address) values (34, 'Annmarie', 'abroskex@fema.gov', '940 Macpherson Lane');
insert into Customer (CustomerID, CustomerName, EmailID, Address) values (35, 'Roderic', 'rjedrzejczyky@mit.edu', '13 Artisan Lane');
insert into Customer (CustomerID, CustomerName, EmailID, Address) values (36, 'Martguerita', 'mrisebrowz@netvibes.com', '14993 Schmedeman Court');
insert into Customer (CustomerID, CustomerName, EmailID, Address) values (37, 'Hercules', 'hwinley10@pinterest.com', '01 Autumn Leaf Parkway');
insert into Customer (CustomerID, CustomerName, EmailID, Address) values (38, 'Natala', 'ngowler11@economist.com', '35 Kennedy Crossing');
insert into Customer (CustomerID, CustomerName, EmailID, Address) values (39, 'Dyna', 'dfryett12@google.co.uk', '39479 Gale Alley');
insert into Customer (CustomerID, CustomerName, EmailID, Address) values (40, 'Sarita', 'saukland13@hibu.com', '63198 Mallard Hill');
insert into Customer (CustomerID, CustomerName, EmailID, Address) values (41, 'Margo', 'msilveston14@altervista.org', '8 Fallview Pass');
insert into Customer (CustomerID, CustomerName, EmailID, Address) values (42, 'Lita', 'laphale15@oracle.com', '0 Barby Center');
insert into Customer (CustomerID, CustomerName, EmailID, Address) values (43, 'Quent', 'qjagielski16@wikia.com', '9220 Maywood Plaza');
insert into Customer (CustomerID, CustomerName, EmailID, Address) values (44, 'Karita', 'krickards17@ovh.net', '60746 Hintze Park');
insert into Customer (CustomerID, CustomerName, EmailID, Address) values (45, 'Grady', 'gdeverille18@hao123.com', '4 4th Point');
insert into Customer (CustomerID, CustomerName, EmailID, Address) values (46, 'Hiram', 'hhartopp19@wikispaces.com', '91272 Fieldstone Park');
insert into Customer (CustomerID, CustomerName, EmailID, Address) values (47, 'Dukie', 'dbrammer1a@goodreads.com', '8090 Spaight Alley');
insert into Customer (CustomerID, CustomerName, EmailID, Address) values (48, 'Nathanial', 'nbedborough1b@newsvine.com', '17311 Monterey Lane');
insert into Customer (CustomerID, CustomerName, EmailID, Address) values (49, 'Evelyn', 'evasilyev1c@dailymail.co.uk', '0 Bartillon Drive');
insert into Customer (CustomerID, CustomerName, EmailID, Address) values (50, 'Israel', 'igillian1d@reddit.com', '9 Vernon Circle');
insert into Customer (CustomerID, CustomerName, EmailID, Address) values (51, 'Leonanie', 'lgannicott1e@globo.com', '42 Ilene Court');
insert into Customer (CustomerID, CustomerName, EmailID, Address) values (52, 'Vasili', 'vbaszniak1f@prweb.com', '8866 Bashford Crossing');
insert into Customer (CustomerID, CustomerName, EmailID, Address) values (53, 'Garrek', 'gsivell1g@tamu.edu', '15505 Gulseth Lane');
insert into Customer (CustomerID, CustomerName, EmailID, Address) values (54, 'Torrance', 'tfilppetti1h@qq.com', '43734 Talisman Place');
insert into Customer (CustomerID, CustomerName, EmailID, Address) values (55, 'Englebert', 'eciobotaro1i@chronoengine.com', '1 Hauk Park');
insert into Customer (CustomerID, CustomerName, EmailID, Address) values (56, 'Waverly', 'wtubby1j@histats.com', '91 Dahle Plaza');
insert into Customer (CustomerID, CustomerName, EmailID, Address) values (57, 'Irvin', 'ipidduck1k@chronoengine.com', '88 Northport Lane');
insert into Customer (CustomerID, CustomerName, EmailID, Address) values (58, 'Lilla', 'linnett1l@archive.org', '33 Coolidge Lane');
insert into Customer (CustomerID, CustomerName, EmailID, Address) values (59, 'Georgiana', 'gcoldridge1m@a8.net', '47084 Porter Junction');
insert into Customer (CustomerID, CustomerName, EmailID, Address) values (60, 'Harp', 'hsevier1n@mayoclinic.com', '30091 Lawn Drive');
insert into Customer (CustomerID, CustomerName, EmailID, Address) values (61, 'Theressa', 'tsaldler1o@yandex.ru', '73 Division Pass');
insert into Customer (CustomerID, CustomerName, EmailID, Address) values (62, 'Julianne', 'jbeesey1p@privacy.gov.au', '0 Division Junction');
insert into Customer (CustomerID, CustomerName, EmailID, Address) values (63, 'Davine', 'dphoenix1q@bloglovin.com', '2583 Moose Parkway');
insert into Customer (CustomerID, CustomerName, EmailID, Address) values (64, 'Ingaborg', 'iscowcroft1r@example.com', '147 Fordem Place');
insert into Customer (CustomerID, CustomerName, EmailID, Address) values (65, 'Boycey', 'bcannam1s@usda.gov', '7 Havey Avenue');
insert into Customer (CustomerID, CustomerName, EmailID, Address) values (66, 'Dyan', 'dkiff1t@columbia.edu', '7 Goodland Court');
insert into Customer (CustomerID, CustomerName, EmailID, Address) values (67, 'Lonnie', 'lscattergood1u@webeden.co.uk', '021 Sachs Plaza');
insert into Customer (CustomerID, CustomerName, EmailID, Address) values (68, 'Helli', 'hstrangwood1v@nsw.gov.au', '90696 Daystar Drive');
insert into Customer (CustomerID, CustomerName, EmailID, Address) values (69, 'Vasilis', 'vcarloni1w@typepad.com', '9 Florence Road');
insert into Customer (CustomerID, CustomerName, EmailID, Address) values (70, 'Henderson', 'hdoud1x@discuz.net', '21261 Forster Hill');
insert into Customer (CustomerID, CustomerName, EmailID, Address) values (71, 'Jenica', 'jdevey1y@miibeian.gov.cn', '99421 Gerald Avenue');
insert into Customer (CustomerID, CustomerName, EmailID, Address) values (72, 'Dallas', 'dgardener1z@blogs.com', '57 Dawn Terrace');
insert into Customer (CustomerID, CustomerName, EmailID, Address) values (73, 'Verene', 'vlavielle20@weibo.com', '446 Paget Terrace');
insert into Customer (CustomerID, CustomerName, EmailID, Address) values (74, 'Vern', 'vdicke21@smugmug.com', '871 Oak Avenue');
insert into Customer (CustomerID, CustomerName, EmailID, Address) values (75, 'Madelena', 'msurgison22@4shared.com', '11 Nevada Junction');
insert into Customer (CustomerID, CustomerName, EmailID, Address) values (76, 'Bradford', 'bsnawden23@mozilla.com', '60 Eliot Point');
insert into Customer (CustomerID, CustomerName, EmailID, Address) values (77, 'Edsel', 'emerryweather24@imgur.com', '4451 Stone Corner Hill');
insert into Customer (CustomerID, CustomerName, EmailID, Address) values (78, 'Luz', 'lkefford25@google.fr', '0 La Follette Way');
insert into Customer (CustomerID, CustomerName, EmailID, Address) values (79, 'Val', 'vhoward26@drupal.org', '0398 Rowland Plaza');
insert into Customer (CustomerID, CustomerName, EmailID, Address) values (80, 'Deane', 'dcrockett27@mit.edu', '8112 Eagan Park');
insert into Customer (CustomerID, CustomerName, EmailID, Address) values (81, 'Sarina', 'snehl28@microsoft.com', '1 Badeau Plaza');
insert into Customer (CustomerID, CustomerName, EmailID, Address) values (82, 'Fin', 'fbourthouloume29@ycombinator.com', '7154 Forster Circle');
insert into Customer (CustomerID, CustomerName, EmailID, Address) values (83, 'Aldous', 'apellew2a@booking.com', '1592 Del Sol Circle');
insert into Customer (CustomerID, CustomerName, EmailID, Address) values (84, 'Neron', 'noluwatoyin2b@about.me', '34 Arkansas Center');
insert into Customer (CustomerID, CustomerName, EmailID, Address) values (85, 'Wallace', 'wharold2c@sina.com.cn', '44 Westerfield Pass');
insert into Customer (CustomerID, CustomerName, EmailID, Address) values (86, 'Benn', 'bpedro2d@typepad.com', '44 Loftsgordon Avenue');
insert into Customer (CustomerID, CustomerName, EmailID, Address) values (87, 'Amitie', 'adadswell2e@gov.uk', '3519 Kenwood Drive');
insert into Customer (CustomerID, CustomerName, EmailID, Address) values (88, 'Danell', 'dchallener2f@pcworld.com', '30 Norway Maple Circle');
insert into Customer (CustomerID, CustomerName, EmailID, Address) values (89, 'Leeann', 'lcarbin2g@va.gov', '96 Fairfield Lane');
insert into Customer (CustomerID, CustomerName, EmailID, Address) values (90, 'Alejandra', 'areap2h@barnesandnoble.com', '24495 Di Loreto Crossing');
insert into Customer (CustomerID, CustomerName, EmailID, Address) values (91, 'Miguelita', 'msedgwick2i@zimbio.com', '552 Weeping Birch Avenue');
insert into Customer (CustomerID, CustomerName, EmailID, Address) values (92, 'Raffaello', 'rgosnall2j@theguardian.com', '75013 Anhalt Avenue');
insert into Customer (CustomerID, CustomerName, EmailID, Address) values (93, 'Hermann', 'haird2k@mashable.com', '15 Hanover Pass');
insert into Customer (CustomerID, CustomerName, EmailID, Address) values (94, 'Rori', 'rgregoraci2l@twitpic.com', '01819 Harper Avenue');
insert into Customer (CustomerID, CustomerName, EmailID, Address) values (95, 'Shea', 'sflory2m@ebay.com', '5929 Anderson Junction');
insert into Customer (CustomerID, CustomerName, EmailID, Address) values (96, 'Renault', 'rwhetland2n@thetimes.co.uk', '3503 Chinook Street');
insert into Customer (CustomerID, CustomerName, EmailID, Address) values (97, 'Fey', 'fdowner2o@state.gov', '56 Dakota Hill');
insert into Customer (CustomerID, CustomerName, EmailID, Address) values (98, 'Garek', 'gissacov2p@washington.edu', '5 Superior Place');
insert into Customer (CustomerID, CustomerName, EmailID, Address) values (99, 'Amii', 'adalrymple2q@purevolume.com', '82 Florence Park');
insert into Customer (CustomerID, CustomerName, EmailID, Address) values (100, 'Tanhya', 'tagglione2r@gmpg.org', '73 Badeau Park');




create table Category (
	CategoryID INT,
	CategoryName VARCHAR(50),
	Description text,
    PRIMARY KEY (`CategoryID`)
);
insert into Category (CategoryID, CategoryName, Description) values (1, 'Burl', 'Burl Clifford');
insert into Category (CategoryID, CategoryName, Description) values (2, 'Noel', 'Noel Bohea');
insert into Category (CategoryID, CategoryName, Description) values (3, 'Ardene', 'Ardene Spileman');
insert into Category (CategoryID, CategoryName, Description) values (4, 'Phyllida', 'Phyllida Vial');
insert into Category (CategoryID, CategoryName, Description) values (5, 'Terrance', 'Terrance Bennetto');
insert into Category (CategoryID, CategoryName, Description) values (6, 'Bobbette', 'Bobbette Quainton');
insert into Category (CategoryID, CategoryName, Description) values (7, 'Vidovik', 'Vidovik Ivins');
insert into Category (CategoryID, CategoryName, Description) values (8, 'Bud', 'Bud Genge');
insert into Category (CategoryID, CategoryName, Description) values (9, 'Townsend', 'Townsend Ghiroldi');
insert into Category (CategoryID, CategoryName, Description) values (10, 'Blinni', 'Blinni Gorges');
insert into Category (CategoryID, CategoryName, Description) values (11, 'Jody', 'Jody Pamphilon');
insert into Category (CategoryID, CategoryName, Description) values (12, 'Dorene', 'Dorene Loxston');
insert into Category (CategoryID, CategoryName, Description) values (13, 'Moria', 'Moria Gauche');
insert into Category (CategoryID, CategoryName, Description) values (14, 'Kelila', 'Kelila Hender');
insert into Category (CategoryID, CategoryName, Description) values (15, 'Leonard', 'Leonard Ruegg');
insert into Category (CategoryID, CategoryName, Description) values (16, 'Bond', 'Bond Hudleston');
insert into Category (CategoryID, CategoryName, Description) values (17, 'Nina', 'Nina Drummer');
insert into Category (CategoryID, CategoryName, Description) values (18, 'Tiebold', 'Tiebold Hinken');
insert into Category (CategoryID, CategoryName, Description) values (19, 'Bili', 'Bili Berriball');
insert into Category (CategoryID, CategoryName, Description) values (20, 'Keeley', 'Keeley Kaley');
insert into Category (CategoryID, CategoryName, Description) values (21, 'Holmes', 'Holmes Bayless');
insert into Category (CategoryID, CategoryName, Description) values (22, 'Roxana', 'Roxana Ayliffe');
insert into Category (CategoryID, CategoryName, Description) values (23, 'Evelin', 'Evelin Goudy');
insert into Category (CategoryID, CategoryName, Description) values (24, 'Freeland', 'Freeland Dunham');
insert into Category (CategoryID, CategoryName, Description) values (25, 'Devy', 'Devy Cattanach');
insert into Category (CategoryID, CategoryName, Description) values (26, 'Jacquelyn', 'Jacquelyn Donet');
insert into Category (CategoryID, CategoryName, Description) values (27, 'Koo', 'Koo Floweth');
insert into Category (CategoryID, CategoryName, Description) values (28, 'Eloisa', 'Eloisa Morby');
insert into Category (CategoryID, CategoryName, Description) values (29, 'Nolly', 'Nolly Pickin');
insert into Category (CategoryID, CategoryName, Description) values (30, 'Sherline', 'Sherline Soda');
insert into Category (CategoryID, CategoryName, Description) values (31, 'Hale', 'Hale Beig');
insert into Category (CategoryID, CategoryName, Description) values (32, 'Elyn', 'Elyn Caunter');
insert into Category (CategoryID, CategoryName, Description) values (33, 'Gran', 'Gran Millhill');
insert into Category (CategoryID, CategoryName, Description) values (34, 'Audrie', 'Audrie Garaghan');
insert into Category (CategoryID, CategoryName, Description) values (35, 'Alfonso', 'Alfonso Joderli');
insert into Category (CategoryID, CategoryName, Description) values (36, 'Beatrisa', 'Beatrisa Matitiaho');
insert into Category (CategoryID, CategoryName, Description) values (37, 'Willis', 'Willis Raven');
insert into Category (CategoryID, CategoryName, Description) values (38, 'Lorry', 'Lorry Phelip');
insert into Category (CategoryID, CategoryName, Description) values (39, 'Shanie', 'Shanie Reedman');
insert into Category (CategoryID, CategoryName, Description) values (40, 'Rutledge', 'Rutledge Barwis');
insert into Category (CategoryID, CategoryName, Description) values (41, 'Kennedy', 'Kennedy Snalham');
insert into Category (CategoryID, CategoryName, Description) values (42, 'Garrot', 'Garrot Verdey');
insert into Category (CategoryID, CategoryName, Description) values (43, 'Erin', 'Erin Saiger');
insert into Category (CategoryID, CategoryName, Description) values (44, 'Delbert', 'Delbert Priestland');
insert into Category (CategoryID, CategoryName, Description) values (45, 'Rickie', 'Rickie Hummerston');
insert into Category (CategoryID, CategoryName, Description) values (46, 'Dione', 'Dione Janaud');
insert into Category (CategoryID, CategoryName, Description) values (47, 'Livvyy', 'Livvyy Betonia');
insert into Category (CategoryID, CategoryName, Description) values (48, 'Leroy', 'Leroy Abatelli');
insert into Category (CategoryID, CategoryName, Description) values (49, 'Harmon', 'Harmon Shannon');
insert into Category (CategoryID, CategoryName, Description) values (50, 'Gwynne', 'Gwynne Butter');
insert into Category (CategoryID, CategoryName, Description) values (51, 'Florrie', 'Florrie Farnsworth');
insert into Category (CategoryID, CategoryName, Description) values (52, 'Barr', 'Barr Probets');
insert into Category (CategoryID, CategoryName, Description) values (53, 'Jerald', 'Jerald Craister');
insert into Category (CategoryID, CategoryName, Description) values (54, 'Kalvin', 'Kalvin Risebarer');
insert into Category (CategoryID, CategoryName, Description) values (55, 'Iago', 'Iago Rigmond');
insert into Category (CategoryID, CategoryName, Description) values (56, 'Ransom', 'Ransom Sayes');
insert into Category (CategoryID, CategoryName, Description) values (57, 'Alfonse', 'Alfonse Dodamead');
insert into Category (CategoryID, CategoryName, Description) values (58, 'Rosie', 'Rosie Asipenko');
insert into Category (CategoryID, CategoryName, Description) values (59, 'Terrel', 'Terrel Alner');
insert into Category (CategoryID, CategoryName, Description) values (60, 'Briney', 'Briney Troyes');
insert into Category (CategoryID, CategoryName, Description) values (61, 'Emanuele', 'Emanuele Laurence');
insert into Category (CategoryID, CategoryName, Description) values (62, 'Norine', 'Norine Baugh');
insert into Category (CategoryID, CategoryName, Description) values (63, 'Hewitt', 'Hewitt Craigs');
insert into Category (CategoryID, CategoryName, Description) values (64, 'Siobhan', 'Siobhan Joice');
insert into Category (CategoryID, CategoryName, Description) values (65, 'Matthieu', 'Matthieu Bertomeu');
insert into Category (CategoryID, CategoryName, Description) values (66, 'Hollyanne', 'Hollyanne Morena');
insert into Category (CategoryID, CategoryName, Description) values (67, 'Murdoch', 'Murdoch Cordingly');
insert into Category (CategoryID, CategoryName, Description) values (68, 'Emylee', 'Emylee Chicken');
insert into Category (CategoryID, CategoryName, Description) values (69, 'Peder', 'Peder McRannell');
insert into Category (CategoryID, CategoryName, Description) values (70, 'Blaine', 'Blaine Blacklock');
insert into Category (CategoryID, CategoryName, Description) values (71, 'Kerry', 'Kerry Peaurt');
insert into Category (CategoryID, CategoryName, Description) values (72, 'Adara', 'Adara Scowcraft');
insert into Category (CategoryID, CategoryName, Description) values (73, 'Rozelle', 'Rozelle Fydoe');
insert into Category (CategoryID, CategoryName, Description) values (74, 'Erwin', 'Erwin Wink');
insert into Category (CategoryID, CategoryName, Description) values (75, 'Adelbert', 'Adelbert Barling');
insert into Category (CategoryID, CategoryName, Description) values (76, 'Hersh', 'Hersh Lighterness');
insert into Category (CategoryID, CategoryName, Description) values (77, 'Merrill', 'Merrill Pharo');
insert into Category (CategoryID, CategoryName, Description) values (78, 'Whit', 'Whit Hyne');
insert into Category (CategoryID, CategoryName, Description) values (79, 'Christin', 'Christin Tuplin');
insert into Category (CategoryID, CategoryName, Description) values (80, 'Henrie', 'Henrie Camellini');
insert into Category (CategoryID, CategoryName, Description) values (81, 'Nate', 'Nate Wathan');
insert into Category (CategoryID, CategoryName, Description) values (82, 'Bron', 'Bron Dowbakin');
insert into Category (CategoryID, CategoryName, Description) values (83, 'Saleem', 'Saleem Nineham');
insert into Category (CategoryID, CategoryName, Description) values (84, 'Jonis', 'Jonis Schriren');
insert into Category (CategoryID, CategoryName, Description) values (85, 'Bridie', 'Bridie Verbruggen');
insert into Category (CategoryID, CategoryName, Description) values (86, 'Linell', 'Linell Damsell');
insert into Category (CategoryID, CategoryName, Description) values (87, 'Adriane', 'Adriane Staker');
insert into Category (CategoryID, CategoryName, Description) values (88, 'Carroll', 'Carroll Rikkard');
insert into Category (CategoryID, CategoryName, Description) values (89, 'Truda', 'Truda Snadden');
insert into Category (CategoryID, CategoryName, Description) values (90, 'Nevsa', 'Nevsa Dearell');
insert into Category (CategoryID, CategoryName, Description) values (91, 'Maisie', 'Maisie Tocqueville');
insert into Category (CategoryID, CategoryName, Description) values (92, 'Roselin', 'Roselin Dimbleby');
insert into Category (CategoryID, CategoryName, Description) values (93, 'Amii', 'Amii Battle');
insert into Category (CategoryID, CategoryName, Description) values (94, 'Joella', 'Joella Garvie');
insert into Category (CategoryID, CategoryName, Description) values (95, 'Elbertine', 'Elbertine Stoaks');
insert into Category (CategoryID, CategoryName, Description) values (96, 'Grove', 'Grove Longworthy');
insert into Category (CategoryID, CategoryName, Description) values (97, 'Freedman', 'Freedman Enderwick');
insert into Category (CategoryID, CategoryName, Description) values (98, 'Agna', 'Agna Sange');
insert into Category (CategoryID, CategoryName, Description) values (99, 'Nealy', 'Nealy Banville');
insert into Category (CategoryID, CategoryName, Description) values (100, 'Henderson', 'Henderson Benbrick');

create table Offers (
	OfferID INT,
	OfferName VARCHAR(50),
	OfferType VARCHAR(50),
	Description TEXT,
    PRIMARY KEY (`OfferID`)
);
insert into Offers (OfferID, OfferName, OfferType, Description) values (98, 'Nadya Cauderlie', 'D''arcy Doe', 'Vestibulum ac est lacinia nisi venenatis tristique. F');

create table Product (
	ProductID INT,
	ProductName VARCHAR(50),
	ProductCategoryID INT,
	BrandName VARCHAR(50),
	mfgDate DATE,
    primary key (`ProductID`)
);
insert into Product (ProductID, ProductName, ProductCategoryID, BrandName, mfgDate) values (1, 'Reinald', 93, 'Reinald Macveigh', '2022-09-22');
insert into Product (ProductID, ProductName, ProductCategoryID, BrandName, mfgDate) values (2, 'Nikita', 8, 'Nikita Meekins', '2022-06-29');
insert into Product (ProductID, ProductName, ProductCategoryID, BrandName, mfgDate) values (3, 'Zulema', 1, 'Zulema Jeanel', '2022-04-18');
insert into Product (ProductID, ProductName, ProductCategoryID, BrandName, mfgDate) values (4, 'Pauli', 93, 'Pauli De Angelo', '2022-05-29');
insert into Product (ProductID, ProductName, ProductCategoryID, BrandName, mfgDate) values (5, 'Ciro', 80, 'Ciro Chmiel', '2022-07-16');
insert into Product (ProductID, ProductName, ProductCategoryID, BrandName, mfgDate) values (6, 'Zolly', 92, 'Zolly Crim', '2022-02-20');
insert into Product (ProductID, ProductName, ProductCategoryID, BrandName, mfgDate) values (7, 'Ora', 27, 'Ora Laidel', '2023-01-24');
insert into Product (ProductID, ProductName, ProductCategoryID, BrandName, mfgDate) values (8, 'Wandie', 100, 'Wandie Prayer', '2022-07-31');
insert into Product (ProductID, ProductName, ProductCategoryID, BrandName, mfgDate) values (9, 'Gena', 15, 'Gena Linkleter', '2022-02-21');
insert into Product (ProductID, ProductName, ProductCategoryID, BrandName, mfgDate) values (10, 'Diane', 95, 'Diane Bulbrook', '2022-06-17');
insert into Product (ProductID, ProductName, ProductCategoryID, BrandName, mfgDate) values (11, 'Theressa', 24, 'Theressa Fley', '2023-01-02');
insert into Product (ProductID, ProductName, ProductCategoryID, BrandName, mfgDate) values (12, 'Maire', 85, 'Maire Danskine', '2022-07-18');
insert into Product (ProductID, ProductName, ProductCategoryID, BrandName, mfgDate) values (13, 'Darrel', 22, 'Darrel Raddon', '2022-02-13');
insert into Product (ProductID, ProductName, ProductCategoryID, BrandName, mfgDate) values (14, 'Lissi', 87, 'Lissi Vasilik', '2022-12-26');
insert into Product (ProductID, ProductName, ProductCategoryID, BrandName, mfgDate) values (15, 'Rochell', 32, 'Rochell Alvin', '2022-02-14');
insert into Product (ProductID, ProductName, ProductCategoryID, BrandName, mfgDate) values (16, 'Wait', 95, 'Wait Dundon', '2022-10-03');
insert into Product (ProductID, ProductName, ProductCategoryID, BrandName, mfgDate) values (17, 'Caty', 63, 'Caty McGhee', '2022-05-20');
insert into Product (ProductID, ProductName, ProductCategoryID, BrandName, mfgDate) values (18, 'Lorrie', 91, 'Lorrie Maraga', '2022-02-19');
insert into Product (ProductID, ProductName, ProductCategoryID, BrandName, mfgDate) values (19, 'Emelia', 60, 'Emelia Lethley', '2022-02-15');
insert into Product (ProductID, ProductName, ProductCategoryID, BrandName, mfgDate) values (20, 'Ricky', 59, 'Ricky Riseley', '2022-07-21');
insert into Product (ProductID, ProductName, ProductCategoryID, BrandName, mfgDate) values (21, 'Monro', 94, 'Monro Edy', '2022-08-29');
insert into Product (ProductID, ProductName, ProductCategoryID, BrandName, mfgDate) values (22, 'Eddie', 2, 'Eddie Gherardesci', '2022-08-28');
insert into Product (ProductID, ProductName, ProductCategoryID, BrandName, mfgDate) values (23, 'Garrott', 62, 'Garrott Jeandot', '2022-05-15');
insert into Product (ProductID, ProductName, ProductCategoryID, BrandName, mfgDate) values (24, 'Dyan', 47, 'Dyan Frotton', '2022-05-02');
insert into Product (ProductID, ProductName, ProductCategoryID, BrandName, mfgDate) values (25, 'Lionel', 45, 'Lionel Fanti', '2022-04-25');
insert into Product (ProductID, ProductName, ProductCategoryID, BrandName, mfgDate) values (26, 'Rhona', 11, 'Rhona Trewhitt', '2022-04-10');
insert into Product (ProductID, ProductName, ProductCategoryID, BrandName, mfgDate) values (27, 'Shalom', 85, 'Shalom Ericssen', '2022-03-21');
insert into Product (ProductID, ProductName, ProductCategoryID, BrandName, mfgDate) values (28, 'Barbey', 98, 'Barbey LeEstut', '2022-03-14');
insert into Product (ProductID, ProductName, ProductCategoryID, BrandName, mfgDate) values (29, 'Corrina', 46, 'Corrina Hanrahan', '2022-09-08');
insert into Product (ProductID, ProductName, ProductCategoryID, BrandName, mfgDate) values (30, 'Kessia', 96, 'Kessia Wince', '2022-04-19');
insert into Product (ProductID, ProductName, ProductCategoryID, BrandName, mfgDate) values (31, 'Deonne', 66, 'Deonne Leffek', '2022-03-08');
insert into Product (ProductID, ProductName, ProductCategoryID, BrandName, mfgDate) values (32, 'Sascha', 15, 'Sascha Cham', '2023-01-08');
insert into Product (ProductID, ProductName, ProductCategoryID, BrandName, mfgDate) values (33, 'Giulia', 1, 'Giulia Myderscough', '2022-04-29');
insert into Product (ProductID, ProductName, ProductCategoryID, BrandName, mfgDate) values (34, 'Sheilah', 30, 'Sheilah Buchan', '2022-09-02');
insert into Product (ProductID, ProductName, ProductCategoryID, BrandName, mfgDate) values (35, 'Catha', 70, 'Catha Raincin', '2022-08-02');
insert into Product (ProductID, ProductName, ProductCategoryID, BrandName, mfgDate) values (36, 'Kalie', 52, 'Kalie Conew', '2022-05-26');
insert into Product (ProductID, ProductName, ProductCategoryID, BrandName, mfgDate) values (37, 'Arlette', 15, 'Arlette Gardner', '2022-08-01');
insert into Product (ProductID, ProductName, ProductCategoryID, BrandName, mfgDate) values (38, 'Fulton', 85, 'Fulton Testo', '2022-01-26');
insert into Product (ProductID, ProductName, ProductCategoryID, BrandName, mfgDate) values (39, 'Bat', 80, 'Bat Lacroux', '2022-09-01');
insert into Product (ProductID, ProductName, ProductCategoryID, BrandName, mfgDate) values (40, 'Lizette', 84, 'Lizette Shackleton', '2022-12-08');
insert into Product (ProductID, ProductName, ProductCategoryID, BrandName, mfgDate) values (41, 'Rubie', 39, 'Rubie Abendroth', '2022-03-15');
insert into Product (ProductID, ProductName, ProductCategoryID, BrandName, mfgDate) values (42, 'Fiorenze', 35, 'Fiorenze Whitaker', '2023-01-19');
insert into Product (ProductID, ProductName, ProductCategoryID, BrandName, mfgDate) values (43, 'Stesha', 79, 'Stesha Rollinshaw', '2022-04-28');
insert into Product (ProductID, ProductName, ProductCategoryID, BrandName, mfgDate) values (44, 'Bernie', 28, 'Bernie McGiffie', '2022-04-01');
insert into Product (ProductID, ProductName, ProductCategoryID, BrandName, mfgDate) values (45, 'Jeffrey', 23, 'Jeffrey Pugh', '2022-08-18');
insert into Product (ProductID, ProductName, ProductCategoryID, BrandName, mfgDate) values (46, 'Lindie', 99, 'Lindie Grave', '2022-07-25');
insert into Product (ProductID, ProductName, ProductCategoryID, BrandName, mfgDate) values (47, 'Bordy', 89, 'Bordy Ianilli', '2023-02-07');
insert into Product (ProductID, ProductName, ProductCategoryID, BrandName, mfgDate) values (48, 'Thekla', 7, 'Thekla Corkill', '2022-06-20');
insert into Product (ProductID, ProductName, ProductCategoryID, BrandName, mfgDate) values (49, 'Mycah', 8, 'Mycah Mechic', '2022-06-05');
insert into Product (ProductID, ProductName, ProductCategoryID, BrandName, mfgDate) values (50, 'Leo', 89, 'Leo Frango', '2022-02-25');
insert into Product (ProductID, ProductName, ProductCategoryID, BrandName, mfgDate) values (51, 'Kinny', 55, 'Kinny Evins', '2022-03-04');
insert into Product (ProductID, ProductName, ProductCategoryID, BrandName, mfgDate) values (52, 'Elmer', 32, 'Elmer Jacobs', '2022-09-13');
insert into Product (ProductID, ProductName, ProductCategoryID, BrandName, mfgDate) values (53, 'John', 11, 'John Peaple', '2022-01-27');
insert into Product (ProductID, ProductName, ProductCategoryID, BrandName, mfgDate) values (54, 'Ruperto', 93, 'Ruperto MacClure', '2022-09-24');
insert into Product (ProductID, ProductName, ProductCategoryID, BrandName, mfgDate) values (55, 'Towney', 63, 'Towney Pennacci', '2022-10-15');
insert into Product (ProductID, ProductName, ProductCategoryID, BrandName, mfgDate) values (56, 'Jayson', 63, 'Jayson Realy', '2022-03-18');
insert into Product (ProductID, ProductName, ProductCategoryID, BrandName, mfgDate) values (57, 'Lucine', 42, 'Lucine Cousans', '2022-11-02');
insert into Product (ProductID, ProductName, ProductCategoryID, BrandName, mfgDate) values (58, 'Devonne', 88, 'Devonne Garrelts', '2022-09-29');
insert into Product (ProductID, ProductName, ProductCategoryID, BrandName, mfgDate) values (59, 'Robinia', 51, 'Robinia Sweeting', '2022-09-30');
insert into Product (ProductID, ProductName, ProductCategoryID, BrandName, mfgDate) values (60, 'Lesly', 56, 'Lesly Azam', '2022-06-21');
insert into Product (ProductID, ProductName, ProductCategoryID, BrandName, mfgDate) values (61, 'Modesta', 54, 'Modesta Dovermann', '2022-09-12');
insert into Product (ProductID, ProductName, ProductCategoryID, BrandName, mfgDate) values (62, 'Cheryl', 10, 'Cheryl Shervil', '2022-03-28');
insert into Product (ProductID, ProductName, ProductCategoryID, BrandName, mfgDate) values (63, 'Gerianna', 82, 'Gerianna Cafferty', '2023-02-02');
insert into Product (ProductID, ProductName, ProductCategoryID, BrandName, mfgDate) values (64, 'Anselm', 36, 'Anselm Chin', '2022-10-30');
insert into Product (ProductID, ProductName, ProductCategoryID, BrandName, mfgDate) values (65, 'L;urette', 11, 'L;urette Bleackly', '2022-07-01');
insert into Product (ProductID, ProductName, ProductCategoryID, BrandName, mfgDate) values (66, 'Brynn', 84, 'Brynn Beamiss', '2022-05-16');
insert into Product (ProductID, ProductName, ProductCategoryID, BrandName, mfgDate) values (67, 'Elvera', 90, 'Elvera Mair', '2022-05-10');
insert into Product (ProductID, ProductName, ProductCategoryID, BrandName, mfgDate) values (68, 'Dareen', 36, 'Dareen Ronan', '2022-10-01');
insert into Product (ProductID, ProductName, ProductCategoryID, BrandName, mfgDate) values (69, 'Lorena', 41, 'Lorena Kennington', '2022-11-03');
insert into Product (ProductID, ProductName, ProductCategoryID, BrandName, mfgDate) values (70, 'Mose', 99, 'Mose Beckingham', '2022-06-13');
insert into Product (ProductID, ProductName, ProductCategoryID, BrandName, mfgDate) values (71, 'Shaughn', 43, 'Shaughn Simonini', '2022-07-01');
insert into Product (ProductID, ProductName, ProductCategoryID, BrandName, mfgDate) values (72, 'Latisha', 23, 'Latisha Clever', '2022-04-23');
insert into Product (ProductID, ProductName, ProductCategoryID, BrandName, mfgDate) values (73, 'Meyer', 4, 'Meyer Drever', '2022-05-05');
insert into Product (ProductID, ProductName, ProductCategoryID, BrandName, mfgDate) values (74, 'Karine', 59, 'Karine Binion', '2022-04-27');
insert into Product (ProductID, ProductName, ProductCategoryID, BrandName, mfgDate) values (75, 'Dotty', 3, 'Dotty Platts', '2022-05-07');
insert into Product (ProductID, ProductName, ProductCategoryID, BrandName, mfgDate) values (76, 'Cos', 42, 'Cos Gall', '2022-04-16');
insert into Product (ProductID, ProductName, ProductCategoryID, BrandName, mfgDate) values (77, 'Ted', 97, 'Ted Nodes', '2022-02-14');
insert into Product (ProductID, ProductName, ProductCategoryID, BrandName, mfgDate) values (78, 'Clovis', 37, 'Clovis Gunther', '2022-12-05');
insert into Product (ProductID, ProductName, ProductCategoryID, BrandName, mfgDate) values (79, 'Morton', 68, 'Morton Rainey', '2022-04-25');
insert into Product (ProductID, ProductName, ProductCategoryID, BrandName, mfgDate) values (80, 'Eustacia', 95, 'Eustacia Clissett', '2022-10-04');
insert into Product (ProductID, ProductName, ProductCategoryID, BrandName, mfgDate) values (81, 'Marian', 58, 'Marian Aitken', '2022-07-19');
insert into Product (ProductID, ProductName, ProductCategoryID, BrandName, mfgDate) values (82, 'Liuka', 69, 'Liuka Zuanelli', '2022-03-24');
insert into Product (ProductID, ProductName, ProductCategoryID, BrandName, mfgDate) values (83, 'Shep', 19, 'Shep Vaux', '2022-08-25');
insert into Product (ProductID, ProductName, ProductCategoryID, BrandName, mfgDate) values (84, 'Rance', 64, 'Rance Coot', '2022-02-25');
insert into Product (ProductID, ProductName, ProductCategoryID, BrandName, mfgDate) values (85, 'Wadsworth', 100, 'Wadsworth Pitts', '2022-12-02');
insert into Product (ProductID, ProductName, ProductCategoryID, BrandName, mfgDate) values (86, 'Clio', 38, 'Clio Gooda', '2022-12-24');
insert into Product (ProductID, ProductName, ProductCategoryID, BrandName, mfgDate) values (87, 'Kaleb', 62, 'Kaleb Brocks', '2022-12-07');
insert into Product (ProductID, ProductName, ProductCategoryID, BrandName, mfgDate) values (88, 'Colby', 93, 'Colby Rojas', '2022-10-15');
insert into Product (ProductID, ProductName, ProductCategoryID, BrandName, mfgDate) values (89, 'Kerby', 88, 'Kerby Ruppelin', '2022-12-31');
insert into Product (ProductID, ProductName, ProductCategoryID, BrandName, mfgDate) values (90, 'Alejandrina', 86, 'Alejandrina Fenne', '2022-06-03');
insert into Product (ProductID, ProductName, ProductCategoryID, BrandName, mfgDate) values (91, 'Alfreda', 92, 'Alfreda Shipway', '2022-07-03');
insert into Product (ProductID, ProductName, ProductCategoryID, BrandName, mfgDate) values (92, 'Ellissa', 71, 'Ellissa Sidary', '2022-07-10');
insert into Product (ProductID, ProductName, ProductCategoryID, BrandName, mfgDate) values (93, 'Teddy', 21, 'Teddy Mingardo', '2022-07-22');
insert into Product (ProductID, ProductName, ProductCategoryID, BrandName, mfgDate) values (94, 'Waneta', 30, 'Waneta Logsdail', '2022-08-02');
insert into Product (ProductID, ProductName, ProductCategoryID, BrandName, mfgDate) values (95, 'Fonzie', 93, 'Fonzie Holson', '2022-03-12');
insert into Product (ProductID, ProductName, ProductCategoryID, BrandName, mfgDate) values (96, 'Catriona', 8, 'Catriona Attewell', '2022-02-15');
insert into Product (ProductID, ProductName, ProductCategoryID, BrandName, mfgDate) values (97, 'Dodie', 90, 'Dodie Lorenz', '2022-03-22');
insert into Product (ProductID, ProductName, ProductCategoryID, BrandName, mfgDate) values (98, 'Fredi', 20, 'Fredi Loomes', '2022-03-21');
insert into Product (ProductID, ProductName, ProductCategoryID, BrandName, mfgDate) values (99, 'Josi', 19, 'Josi Benedyktowicz', '2022-09-23');
insert into Product (ProductID, ProductName, ProductCategoryID, BrandName, mfgDate) values (100, 'Isidore', 50, 'Isidore Stone', '2022-02-07');


create table Salesman (
	SalesmanID INT,
	SalesmanName VARCHAR(50),
	Address VARCHAR(50),
	EmailID VARCHAR(50),
	City VARCHAR(50),
	Region VARCHAR(50),
    primary key (`SalesmanID`)
);
insert into Salesman (SalesmanID, SalesmanName, Address, EmailID, City, Region) values (1, 'Paton', '6410 Arkansas Road', 'pbanister0@blog.com', '15th Floor', 'Apt 185');
insert into Salesman (SalesmanID, SalesmanName, Address, EmailID, City, Region) values (2, 'Reena', '6 Dapin Drive', 'rleary1@elpais.com', 'Room 1074', 'PO Box 19190');
insert into Salesman (SalesmanID, SalesmanName, Address, EmailID, City, Region) values (3, 'Konstantine', '42 Donald Point', 'ktookill2@mail.ru', 'PO Box 16144', 'PO Box 28263');
insert into Salesman (SalesmanID, SalesmanName, Address, EmailID, City, Region) values (4, 'Hanson', '473 Maryland Way', 'hoflynn3@ow.ly', '1st Floor', 'Room 28');
insert into Salesman (SalesmanID, SalesmanName, Address, EmailID, City, Region) values (5, 'Barney', '56589 Badeau Hill', 'bpalombi4@mail.ru', 'PO Box 7584', 'Suite 22');
insert into Salesman (SalesmanID, SalesmanName, Address, EmailID, City, Region) values (6, 'Kaitlynn', '56 Prairieview Drive', 'kgofforth5@wsj.com', 'Room 566', 'Suite 99');
insert into Salesman (SalesmanID, SalesmanName, Address, EmailID, City, Region) values (7, 'Chrysler', '51719 Lakewood Gardens Avenue', 'cickeringill6@ehow.com', 'Room 373', 'Room 445');
insert into Salesman (SalesmanID, SalesmanName, Address, EmailID, City, Region) values (8, 'Emeline', '14 Summer Ridge Center', 'erevely7@webeden.co.uk', 'Room 330', 'PO Box 94278');
insert into Salesman (SalesmanID, SalesmanName, Address, EmailID, City, Region) values (9, 'Bobbi', '6 Arizona Circle', 'bpeltzer8@java.com', 'Room 1041', '15th Floor');
insert into Salesman (SalesmanID, SalesmanName, Address, EmailID, City, Region) values (10, 'Magnum', '354 New Castle Alley', 'mklimes9@buzzfeed.com', 'Room 1781', 'Room 491');
insert into Salesman (SalesmanID, SalesmanName, Address, EmailID, City, Region) values (11, 'Wilow', '01 Bartillon Park', 'whadcrofta@mozilla.com', 'Room 410', 'Apt 776');
insert into Salesman (SalesmanID, SalesmanName, Address, EmailID, City, Region) values (12, 'Tarah', '8530 Prairieview Avenue', 'tdebruinb@shop-pro.jp', 'PO Box 70078', 'Room 1835');
insert into Salesman (SalesmanID, SalesmanName, Address, EmailID, City, Region) values (13, 'Adolphe', '7 Wayridge Parkway', 'aikinsc@engadget.com', 'PO Box 43795', 'Apt 826');
insert into Salesman (SalesmanID, SalesmanName, Address, EmailID, City, Region) values (14, 'Vivie', '152 Sullivan Hill', 'vclamptond@technorati.com', 'Room 1916', '5th Floor');
insert into Salesman (SalesmanID, SalesmanName, Address, EmailID, City, Region) values (15, 'Ruprecht', '98 Havey Avenue', 'rbarcke@ustream.tv', 'Suite 25', 'Apt 1823');
insert into Salesman (SalesmanID, SalesmanName, Address, EmailID, City, Region) values (16, 'Justina', '372 Dexter Road', 'jnewcomf@mysql.com', '16th Floor', '5th Floor');
insert into Salesman (SalesmanID, SalesmanName, Address, EmailID, City, Region) values (17, 'Jilly', '9 Hayes Alley', 'jkunzeg@cdc.gov', 'PO Box 15837', 'Apt 1816');
insert into Salesman (SalesmanID, SalesmanName, Address, EmailID, City, Region) values (18, 'Donnell', '66432 Springs Hill', 'dupstonh@wsj.com', '10th Floor', '4th Floor');
insert into Salesman (SalesmanID, SalesmanName, Address, EmailID, City, Region) values (19, 'Gustave', '7 Hansons Trail', 'gbrumeni@shop-pro.jp', '19th Floor', 'PO Box 22305');
insert into Salesman (SalesmanID, SalesmanName, Address, EmailID, City, Region) values (20, 'Ruthann', '6301 Continental Center', 'rcromwellj@joomla.org', '8th Floor', '1st Floor');
insert into Salesman (SalesmanID, SalesmanName, Address, EmailID, City, Region) values (21, 'Leone', '56 Walton Park', 'lmarinik@nasa.gov', '1st Floor', 'PO Box 55328');
insert into Salesman (SalesmanID, SalesmanName, Address, EmailID, City, Region) values (22, 'Roanna', '34 Elka Parkway', 'rosbanl@goo.ne.jp', 'Apt 46', 'Room 1449');
insert into Salesman (SalesmanID, SalesmanName, Address, EmailID, City, Region) values (23, 'Rudolph', '49 Mayfield Hill', 'roldallm@slate.com', '2nd Floor', 'Room 803');
insert into Salesman (SalesmanID, SalesmanName, Address, EmailID, City, Region) values (24, 'Virge', '20686 Pennsylvania Junction', 'vpengelleyn@sciencedaily.com', 'PO Box 74926', 'Room 1501');
insert into Salesman (SalesmanID, SalesmanName, Address, EmailID, City, Region) values (25, 'Gan', '9173 Orin Circle', 'gsinisburyo@kickstarter.com', 'Suite 60', 'Room 1366');
insert into Salesman (SalesmanID, SalesmanName, Address, EmailID, City, Region) values (26, 'Bud', '0 South Trail', 'bwaisp@list-manage.com', '10th Floor', 'PO Box 16618');
insert into Salesman (SalesmanID, SalesmanName, Address, EmailID, City, Region) values (27, 'Aubrey', '3209 Summerview Terrace', 'ademeadq@bing.com', 'Apt 674', 'Suite 37');
insert into Salesman (SalesmanID, SalesmanName, Address, EmailID, City, Region) values (28, 'Rudd', '311 Northridge Street', 'rbroser@umich.edu', '3rd Floor', 'Suite 27');
insert into Salesman (SalesmanID, SalesmanName, Address, EmailID, City, Region) values (29, 'Buddie', '468 Hazelcrest Place', 'bvandecappelles@sourceforge.net', 'Suite 61', 'Apt 1418');
insert into Salesman (SalesmanID, SalesmanName, Address, EmailID, City, Region) values (30, 'Caz', '8 Northview Trail', 'cphippent@princeton.edu', 'Room 1663', 'Suite 50');
insert into Salesman (SalesmanID, SalesmanName, Address, EmailID, City, Region) values (31, 'Nico', '83396 Thackeray Plaza', 'nreanyu@photobucket.com', 'Suite 39', '1st Floor');
insert into Salesman (SalesmanID, SalesmanName, Address, EmailID, City, Region) values (32, 'Quintin', '818 Killdeer Center', 'qrichemondv@amazon.de', 'Suite 99', 'Suite 19');
insert into Salesman (SalesmanID, SalesmanName, Address, EmailID, City, Region) values (33, 'Walliw', '707 Kipling Trail', 'wjonesw@nature.com', 'Suite 42', 'Apt 654');
insert into Salesman (SalesmanID, SalesmanName, Address, EmailID, City, Region) values (34, 'Daisy', '8822 Clyde Gallagher Alley', 'dnortunenx@mayoclinic.com', 'Room 595', 'Apt 1782');
insert into Salesman (SalesmanID, SalesmanName, Address, EmailID, City, Region) values (35, 'Sawyere', '1170 Russell Hill', 'sfusselly@symantec.com', 'Room 1474', 'Room 194');
insert into Salesman (SalesmanID, SalesmanName, Address, EmailID, City, Region) values (36, 'Allyn', '36245 Grasskamp Street', 'amcginneyz@dagondesign.com', 'Suite 99', 'Suite 70');
insert into Salesman (SalesmanID, SalesmanName, Address, EmailID, City, Region) values (37, 'Felecia', '61 Gerald Park', 'fwalford10@nymag.com', '11th Floor', 'Room 1684');
insert into Salesman (SalesmanID, SalesmanName, Address, EmailID, City, Region) values (38, 'Arlan', '4 Blackbird Hill', 'apratton11@fc2.com', 'PO Box 96985', '14th Floor');
insert into Salesman (SalesmanID, SalesmanName, Address, EmailID, City, Region) values (39, 'Merlina', '378 Schmedeman Park', 'mgypson12@taobao.com', 'Apt 1202', 'Suite 26');
insert into Salesman (SalesmanID, SalesmanName, Address, EmailID, City, Region) values (40, 'Tynan', '701 Jenna Crossing', 'thegel13@amazon.co.uk', 'PO Box 69229', '8th Floor');
insert into Salesman (SalesmanID, SalesmanName, Address, EmailID, City, Region) values (41, 'Wynn', '1 Hauk Lane', 'wsidworth14@wisc.edu', '15th Floor', 'PO Box 61685');
insert into Salesman (SalesmanID, SalesmanName, Address, EmailID, City, Region) values (42, 'Agnella', '81484 Marquette Crossing', 'akohler15@facebook.com', 'Suite 46', 'Suite 58');
insert into Salesman (SalesmanID, SalesmanName, Address, EmailID, City, Region) values (43, 'Lester', '24 Union Way', 'llymer16@fema.gov', 'PO Box 26789', 'Suite 38');
insert into Salesman (SalesmanID, SalesmanName, Address, EmailID, City, Region) values (44, 'Urbain', '3 Hayes Junction', 'umerit17@google.com.hk', 'Suite 63', 'Room 31');
insert into Salesman (SalesmanID, SalesmanName, Address, EmailID, City, Region) values (45, 'Kandy', '88 Goodland Plaza', 'klouche18@theatlantic.com', 'Suite 90', 'Room 218');
insert into Salesman (SalesmanID, SalesmanName, Address, EmailID, City, Region) values (46, 'Alphonso', '79395 Anderson Trail', 'aennals19@pen.io', 'Apt 1941', '2nd Floor');
insert into Salesman (SalesmanID, SalesmanName, Address, EmailID, City, Region) values (47, 'Mae', '4 Del Sol Junction', 'mspraberry1a@google.com.br', 'Room 1783', 'Room 650');
insert into Salesman (SalesmanID, SalesmanName, Address, EmailID, City, Region) values (48, 'Oralie', '17 Mayer Trail', 'omcgiveen1b@tinyurl.com', '11th Floor', 'Room 1615');
insert into Salesman (SalesmanID, SalesmanName, Address, EmailID, City, Region) values (49, 'Monte', '80580 Clove Street', 'mromao1c@jigsy.com', 'Suite 8', 'PO Box 30899');
insert into Salesman (SalesmanID, SalesmanName, Address, EmailID, City, Region) values (50, 'Niki', '5 Lakewood Center', 'nhaddick1d@ed.gov', 'PO Box 5536', '7th Floor');
insert into Salesman (SalesmanID, SalesmanName, Address, EmailID, City, Region) values (51, 'Udale', '76 Morning Place', 'uryan1e@blogger.com', 'Apt 1357', 'Room 1851');
insert into Salesman (SalesmanID, SalesmanName, Address, EmailID, City, Region) values (52, 'Rachael', '73 Straubel Hill', 'rdarree1f@t.co', 'PO Box 56854', '15th Floor');
insert into Salesman (SalesmanID, SalesmanName, Address, EmailID, City, Region) values (53, 'Farlay', '21952 Rowland Terrace', 'fbent1g@mysql.com', '1st Floor', '7th Floor');
insert into Salesman (SalesmanID, SalesmanName, Address, EmailID, City, Region) values (54, 'Izak', '8488 Express Drive', 'iescot1h@patch.com', 'Suite 78', 'PO Box 12231');
insert into Salesman (SalesmanID, SalesmanName, Address, EmailID, City, Region) values (55, 'Pate', '37 Washington Hill', 'pstitfall1i@sina.com.cn', 'Suite 39', 'PO Box 61791');
insert into Salesman (SalesmanID, SalesmanName, Address, EmailID, City, Region) values (56, 'Remus', '5161 Chinook Center', 'ryeude1j@weibo.com', 'Room 434', 'PO Box 10887');
insert into Salesman (SalesmanID, SalesmanName, Address, EmailID, City, Region) values (57, 'Armando', '2 Maple Place', 'ashama1k@storify.com', 'Suite 49', 'Suite 20');
insert into Salesman (SalesmanID, SalesmanName, Address, EmailID, City, Region) values (58, 'Fairleigh', '45776 Stang Street', 'fmallon1l@patch.com', '20th Floor', 'Apt 1164');
insert into Salesman (SalesmanID, SalesmanName, Address, EmailID, City, Region) values (59, 'Sherri', '81605 Montana Court', 'scroome1m@craigslist.org', 'Room 1878', 'PO Box 63113');
insert into Salesman (SalesmanID, SalesmanName, Address, EmailID, City, Region) values (60, 'Correna', '16 Summit Way', 'cbateup1n@youtube.com', 'Room 1155', 'PO Box 87751');
insert into Salesman (SalesmanID, SalesmanName, Address, EmailID, City, Region) values (61, 'Shirlee', '20 Schmedeman Trail', 'ssoule1o@furl.net', 'PO Box 20078', 'PO Box 27588');
insert into Salesman (SalesmanID, SalesmanName, Address, EmailID, City, Region) values (62, 'Alanson', '24749 Luster Plaza', 'aoakhill1p@accuweather.com', '3rd Floor', 'Suite 54');
insert into Salesman (SalesmanID, SalesmanName, Address, EmailID, City, Region) values (63, 'Roshelle', '99892 Myrtle Alley', 'rmcgiffie1q@timesonline.co.uk', 'Room 1756', 'Apt 1739');
insert into Salesman (SalesmanID, SalesmanName, Address, EmailID, City, Region) values (64, 'Ethan', '0207 Fremont Trail', 'eshrubsall1r@noaa.gov', 'PO Box 18402', 'PO Box 68277');
insert into Salesman (SalesmanID, SalesmanName, Address, EmailID, City, Region) values (65, 'Tobe', '7 Summit Crossing', 'tmclaughlin1s@youtu.be', 'Suite 70', 'Apt 75');
insert into Salesman (SalesmanID, SalesmanName, Address, EmailID, City, Region) values (66, 'Thane', '57002 Rusk Park', 'tduddy1t@e-recht24.de', 'Suite 5', 'Apt 1440');
insert into Salesman (SalesmanID, SalesmanName, Address, EmailID, City, Region) values (67, 'Nessi', '48931 Sloan Lane', 'nwickenden1u@domainmarket.com', 'Apt 625', 'Suite 49');
insert into Salesman (SalesmanID, SalesmanName, Address, EmailID, City, Region) values (68, 'Leodora', '7 Sunnyside Hill', 'lwhyte1v@salon.com', 'Apt 227', 'Apt 839');
insert into Salesman (SalesmanID, SalesmanName, Address, EmailID, City, Region) values (69, 'Burnaby', '48759 Independence Plaza', 'bnoot1w@vimeo.com', 'Room 551', 'Room 1655');
insert into Salesman (SalesmanID, SalesmanName, Address, EmailID, City, Region) values (70, 'Goldie', '8 Aberg Terrace', 'gvanichev1x@desdev.cn', '13th Floor', 'Room 1338');
insert into Salesman (SalesmanID, SalesmanName, Address, EmailID, City, Region) values (71, 'Reena', '5084 Sachs Circle', 'rganderton1y@icq.com', 'Apt 1373', '20th Floor');
insert into Salesman (SalesmanID, SalesmanName, Address, EmailID, City, Region) values (72, 'Alejandro', '62034 Oak Pass', 'aivanishin1z@cisco.com', 'PO Box 14008', 'PO Box 3136');
insert into Salesman (SalesmanID, SalesmanName, Address, EmailID, City, Region) values (73, 'Marten', '518 Dottie Park', 'meglin20@1688.com', 'Room 1212', 'Room 1509');
insert into Salesman (SalesmanID, SalesmanName, Address, EmailID, City, Region) values (74, 'Rayner', '92 Riverside Center', 'rheld21@tmall.com', '20th Floor', 'Suite 79');
insert into Salesman (SalesmanID, SalesmanName, Address, EmailID, City, Region) values (75, 'Rhea', '66722 Stone Corner Junction', 'rgulland22@unesco.org', 'Suite 26', '17th Floor');
insert into Salesman (SalesmanID, SalesmanName, Address, EmailID, City, Region) values (76, 'Clayborne', '9 Westerfield Place', 'cgandar23@indiegogo.com', 'Apt 438', 'Suite 43');
insert into Salesman (SalesmanID, SalesmanName, Address, EmailID, City, Region) values (77, 'Jerad', '932 3rd Crossing', 'jpollitt24@printfriendly.com', 'Room 3', 'Suite 41');
insert into Salesman (SalesmanID, SalesmanName, Address, EmailID, City, Region) values (78, 'Zared', '32985 Shelley Center', 'zrichings25@stumbleupon.com', 'Suite 95', 'Room 1566');
insert into Salesman (SalesmanID, SalesmanName, Address, EmailID, City, Region) values (79, 'Herb', '308 Spaight Avenue', 'hcromblehome26@ucla.edu', '2nd Floor', 'Apt 1285');
insert into Salesman (SalesmanID, SalesmanName, Address, EmailID, City, Region) values (80, 'Vasili', '73 Oakridge Lane', 'vroels27@desdev.cn', '15th Floor', 'Room 1776');
insert into Salesman (SalesmanID, SalesmanName, Address, EmailID, City, Region) values (81, 'Nerissa', '797 Coleman Way', 'nmundy28@youku.com', 'Apt 861', 'Suite 90');
insert into Salesman (SalesmanID, SalesmanName, Address, EmailID, City, Region) values (82, 'Lynnell', '2463 Shelley Terrace', 'lorteau29@hhs.gov', 'Room 597', '6th Floor');
insert into Salesman (SalesmanID, SalesmanName, Address, EmailID, City, Region) values (83, 'Brion', '67990 Larry Street', 'bives2a@unc.edu', 'Apt 1931', 'Room 1045');
insert into Salesman (SalesmanID, SalesmanName, Address, EmailID, City, Region) values (84, 'Jeana', '8841 Debra Alley', 'jvellender2b@mapy.cz', 'PO Box 13595', '9th Floor');
insert into Salesman (SalesmanID, SalesmanName, Address, EmailID, City, Region) values (85, 'Caye', '84785 Towne Avenue', 'cmacellar2c@upenn.edu', 'Room 65', 'Suite 63');
insert into Salesman (SalesmanID, SalesmanName, Address, EmailID, City, Region) values (86, 'Barby', '47 Reindahl Lane', 'bmunnion2d@businessinsider.com', '20th Floor', '1st Floor');
insert into Salesman (SalesmanID, SalesmanName, Address, EmailID, City, Region) values (87, 'Bern', '382 Mitchell Hill', 'bniblock2e@163.com', 'Suite 44', 'PO Box 66685');
insert into Salesman (SalesmanID, SalesmanName, Address, EmailID, City, Region) values (88, 'Hartwell', '11059 Oriole Terrace', 'hthay2f@berkeley.edu', 'Suite 38', 'PO Box 61636');
insert into Salesman (SalesmanID, SalesmanName, Address, EmailID, City, Region) values (89, 'Vidovic', '2198 Bellgrove Plaza', 'vblurton2g@google.com.au', 'Suite 13', 'Apt 1208');
insert into Salesman (SalesmanID, SalesmanName, Address, EmailID, City, Region) values (90, 'Kamila', '85 5th Alley', 'kmcjarrow2h@indiatimes.com', 'Apt 1690', '14th Floor');
insert into Salesman (SalesmanID, SalesmanName, Address, EmailID, City, Region) values (91, 'Almira', '178 Lunder Junction', 'atruluck2i@google.com.br', 'Room 1717', 'Apt 1494');
insert into Salesman (SalesmanID, SalesmanName, Address, EmailID, City, Region) values (92, 'Anissa', '66019 Moulton Place', 'amccoughan2j@tumblr.com', 'Room 254', 'PO Box 68078');
insert into Salesman (SalesmanID, SalesmanName, Address, EmailID, City, Region) values (93, 'Barron', '7 Northport Point', 'bcoyett2k@geocities.jp', '19th Floor', 'Apt 522');
insert into Salesman (SalesmanID, SalesmanName, Address, EmailID, City, Region) values (94, 'Grantham', '6673 Brentwood Park', 'gcapener2l@about.me', '15th Floor', 'Apt 1269');
insert into Salesman (SalesmanID, SalesmanName, Address, EmailID, City, Region) values (95, 'Gorden', '26213 Mariners Cove Way', 'glippett2m@unblog.fr', 'Suite 38', 'Room 922');
insert into Salesman (SalesmanID, SalesmanName, Address, EmailID, City, Region) values (96, 'Giulio', '3678 Arrowood Circle', 'gduckerin2n@mediafire.com', 'Apt 220', '19th Floor');
insert into Salesman (SalesmanID, SalesmanName, Address, EmailID, City, Region) values (97, 'Cris', '965 Upham Place', 'cpobjay2o@pcworld.com', 'Room 842', 'Apt 1949');
insert into Salesman (SalesmanID, SalesmanName, Address, EmailID, City, Region) values (98, 'Aloisia', '689 Chinook Lane', 'atreneer2p@flickr.com', 'Room 539', 'Room 1876');
insert into Salesman (SalesmanID, SalesmanName, Address, EmailID, City, Region) values (99, 'Dianne', '01 Swallow Crossing', 'dschwant2q@census.gov', 'PO Box 20989', '20th Floor');
insert into Salesman (SalesmanID, SalesmanName, Address, EmailID, City, Region) values (100, 'Marinna', '44479 Buell Parkway', 'mmassey2r@yahoo.com', 'Apt 1163', '20th Floor');

create table Sales (
	SalesID INT,
	SalesType VARCHAR(50),
	DailySales INT,
    primary key (`SalesID`)
);
insert into Sales (SalesID, SalesType, DailySales) values (1, 'Franciskus', 614);
insert into Sales (SalesID, SalesType, DailySales) values (2, 'Boigie', 297);
insert into Sales (SalesID, SalesType, DailySales) values (3, 'Pascale', 970);
insert into Sales (SalesID, SalesType, DailySales) values (4, 'Loralee', 804);
insert into Sales (SalesID, SalesType, DailySales) values (5, 'Spenser', 658);
insert into Sales (SalesID, SalesType, DailySales) values (6, 'Melony', 244);
insert into Sales (SalesID, SalesType, DailySales) values (7, 'Cornie', 798);
insert into Sales (SalesID, SalesType, DailySales) values (8, 'Ivor', 1);
insert into Sales (SalesID, SalesType, DailySales) values (9, 'Bondie', 124);
insert into Sales (SalesID, SalesType, DailySales) values (10, 'Gussi', 638);
insert into Sales (SalesID, SalesType, DailySales) values (11, 'Hillie', 497);
insert into Sales (SalesID, SalesType, DailySales) values (12, 'Kathie', 139);
insert into Sales (SalesID, SalesType, DailySales) values (13, 'Lyell', 97);
insert into Sales (SalesID, SalesType, DailySales) values (14, 'Saudra', 924);
insert into Sales (SalesID, SalesType, DailySales) values (15, 'Yasmin', 944);
insert into Sales (SalesID, SalesType, DailySales) values (16, 'Nathalia', 498);
insert into Sales (SalesID, SalesType, DailySales) values (17, 'Muriel', 451);
insert into Sales (SalesID, SalesType, DailySales) values (18, 'Jacquelin', 661);
insert into Sales (SalesID, SalesType, DailySales) values (19, 'Andre', 457);
insert into Sales (SalesID, SalesType, DailySales) values (20, 'Gus', 306);
insert into Sales (SalesID, SalesType, DailySales) values (21, 'Mortimer', 776);
insert into Sales (SalesID, SalesType, DailySales) values (22, 'Willard', 384);
insert into Sales (SalesID, SalesType, DailySales) values (23, 'Fletch', 682);
insert into Sales (SalesID, SalesType, DailySales) values (24, 'Rene', 98);
insert into Sales (SalesID, SalesType, DailySales) values (25, 'Otto', 301);
insert into Sales (SalesID, SalesType, DailySales) values (26, 'Cyndy', 903);
insert into Sales (SalesID, SalesType, DailySales) values (27, 'Zsazsa', 584);
insert into Sales (SalesID, SalesType, DailySales) values (28, 'Dru', 187);
insert into Sales (SalesID, SalesType, DailySales) values (29, 'Violante', 499);
insert into Sales (SalesID, SalesType, DailySales) values (30, 'Pierce', 451);
insert into Sales (SalesID, SalesType, DailySales) values (31, 'Clevie', 157);
insert into Sales (SalesID, SalesType, DailySales) values (32, 'Ingaberg', 710);
insert into Sales (SalesID, SalesType, DailySales) values (33, 'Milzie', 527);
insert into Sales (SalesID, SalesType, DailySales) values (34, 'Wright', 321);
insert into Sales (SalesID, SalesType, DailySales) values (35, 'Russell', 704);
insert into Sales (SalesID, SalesType, DailySales) values (36, 'Clementine', 74);
insert into Sales (SalesID, SalesType, DailySales) values (37, 'Monroe', 496);
insert into Sales (SalesID, SalesType, DailySales) values (38, 'Florentia', 629);
insert into Sales (SalesID, SalesType, DailySales) values (39, 'Aprilette', 177);
insert into Sales (SalesID, SalesType, DailySales) values (40, 'Adrien', 330);
insert into Sales (SalesID, SalesType, DailySales) values (41, 'Shurlock', 304);
insert into Sales (SalesID, SalesType, DailySales) values (42, 'Robena', 571);
insert into Sales (SalesID, SalesType, DailySales) values (43, 'Daffie', 205);
insert into Sales (SalesID, SalesType, DailySales) values (44, 'Guendolen', 950);
insert into Sales (SalesID, SalesType, DailySales) values (45, 'Darrell', 240);
insert into Sales (SalesID, SalesType, DailySales) values (46, 'Jania', 223);
insert into Sales (SalesID, SalesType, DailySales) values (47, 'Terrell', 848);
insert into Sales (SalesID, SalesType, DailySales) values (48, 'Gladi', 87);
insert into Sales (SalesID, SalesType, DailySales) values (49, 'Dillie', 153);
insert into Sales (SalesID, SalesType, DailySales) values (50, 'Isaac', 425);
insert into Sales (SalesID, SalesType, DailySales) values (51, 'Guillemette', 27);
insert into Sales (SalesID, SalesType, DailySales) values (52, 'Kareem', 988);
insert into Sales (SalesID, SalesType, DailySales) values (53, 'Holly', 151);
insert into Sales (SalesID, SalesType, DailySales) values (54, 'Ewen', 495);
insert into Sales (SalesID, SalesType, DailySales) values (55, 'Isac', 316);
insert into Sales (SalesID, SalesType, DailySales) values (56, 'Ransom', 766);
insert into Sales (SalesID, SalesType, DailySales) values (57, 'Jacinta', 679);
insert into Sales (SalesID, SalesType, DailySales) values (58, 'Idell', 149);
insert into Sales (SalesID, SalesType, DailySales) values (59, 'Joaquin', 170);
insert into Sales (SalesID, SalesType, DailySales) values (60, 'Jacklin', 682);
insert into Sales (SalesID, SalesType, DailySales) values (61, 'Bellina', 802);
insert into Sales (SalesID, SalesType, DailySales) values (62, 'Patrice', 300);
insert into Sales (SalesID, SalesType, DailySales) values (63, 'Mata', 408);
insert into Sales (SalesID, SalesType, DailySales) values (64, 'Davita', 637);
insert into Sales (SalesID, SalesType, DailySales) values (65, 'Dukey', 391);
insert into Sales (SalesID, SalesType, DailySales) values (66, 'Ignacio', 949);
insert into Sales (SalesID, SalesType, DailySales) values (67, 'Kalli', 317);
insert into Sales (SalesID, SalesType, DailySales) values (68, 'Tresa', 566);
insert into Sales (SalesID, SalesType, DailySales) values (69, 'Chris', 533);
insert into Sales (SalesID, SalesType, DailySales) values (70, 'Shirline', 664);
insert into Sales (SalesID, SalesType, DailySales) values (71, 'Queenie', 328);
insert into Sales (SalesID, SalesType, DailySales) values (72, 'Terrell', 321);
insert into Sales (SalesID, SalesType, DailySales) values (73, 'Nelie', 202);
insert into Sales (SalesID, SalesType, DailySales) values (74, 'Whitney', 140);
insert into Sales (SalesID, SalesType, DailySales) values (75, 'Liz', 467);
insert into Sales (SalesID, SalesType, DailySales) values (76, 'Annelise', 379);
insert into Sales (SalesID, SalesType, DailySales) values (77, 'Domenic', 492);
insert into Sales (SalesID, SalesType, DailySales) values (78, 'Arte', 413);
insert into Sales (SalesID, SalesType, DailySales) values (79, 'Mal', 353);
insert into Sales (SalesID, SalesType, DailySales) values (80, 'Emlen', 247);
insert into Sales (SalesID, SalesType, DailySales) values (81, 'Joshuah', 31);
insert into Sales (SalesID, SalesType, DailySales) values (82, 'Whitaker', 403);
insert into Sales (SalesID, SalesType, DailySales) values (83, 'Gonzalo', 22);
insert into Sales (SalesID, SalesType, DailySales) values (84, 'Sidnee', 790);
insert into Sales (SalesID, SalesType, DailySales) values (85, 'Andi', 116);
insert into Sales (SalesID, SalesType, DailySales) values (86, 'Sutherland', 447);
insert into Sales (SalesID, SalesType, DailySales) values (87, 'Anthea', 433);
insert into Sales (SalesID, SalesType, DailySales) values (88, 'Kora', 374);
insert into Sales (SalesID, SalesType, DailySales) values (89, 'Galen', 314);
insert into Sales (SalesID, SalesType, DailySales) values (90, 'Garnette', 317);
insert into Sales (SalesID, SalesType, DailySales) values (91, 'Biddy', 68);
insert into Sales (SalesID, SalesType, DailySales) values (92, 'Clare', 877);
insert into Sales (SalesID, SalesType, DailySales) values (93, 'Cynthy', 393);
insert into Sales (SalesID, SalesType, DailySales) values (94, 'Kissiah', 877);
insert into Sales (SalesID, SalesType, DailySales) values (95, 'Alexandr', 299);
insert into Sales (SalesID, SalesType, DailySales) values (96, 'Walker', 435);
insert into Sales (SalesID, SalesType, DailySales) values (97, 'Lilli', 175);
insert into Sales (SalesID, SalesType, DailySales) values (98, 'Sharleen', 935);
insert into Sales (SalesID, SalesType, DailySales) values (99, 'Estella', 650);
insert into Sales (SalesID, SalesType, DailySales) values (100, 'Chicky', 226);



create table Feedback (
	FeedbackID INT,
	FeedbackType VARCHAR(50),
	Description VARCHAR(50),
    primary key (`FeedbackID`)
);
insert into Feedback (FeedbackID, FeedbackType, Description) values (1, 'Sanders', 'Bertine');
insert into Feedback (FeedbackID, FeedbackType, Description) values (2, 'Thaddeus', 'Ekaterina');
insert into Feedback (FeedbackID, FeedbackType, Description) values (3, 'Cosetta', 'Glyn');
insert into Feedback (FeedbackID, FeedbackType, Description) values (4, 'Moselle', 'Vittoria');
insert into Feedback (FeedbackID, FeedbackType, Description) values (5, 'Sashenka', 'Simonette');
insert into Feedback (FeedbackID, FeedbackType, Description) values (6, 'Rosy', 'Ruthe');
insert into Feedback (FeedbackID, FeedbackType, Description) values (7, 'Catlaina', 'Noach');
insert into Feedback (FeedbackID, FeedbackType, Description) values (8, 'Torrance', 'Bobbie');
insert into Feedback (FeedbackID, FeedbackType, Description) values (9, 'Moe', 'Taffy');
insert into Feedback (FeedbackID, FeedbackType, Description) values (10, 'Roxine', 'Brit');
insert into Feedback (FeedbackID, FeedbackType, Description) values (11, 'Chrystal', 'Hayley');
insert into Feedback (FeedbackID, FeedbackType, Description) values (12, 'Anette', 'Violante');
insert into Feedback (FeedbackID, FeedbackType, Description) values (13, 'Averil', 'Martin');
insert into Feedback (FeedbackID, FeedbackType, Description) values (14, 'Herve', 'Reube');
insert into Feedback (FeedbackID, FeedbackType, Description) values (15, 'Brietta', 'Jerrylee');
insert into Feedback (FeedbackID, FeedbackType, Description) values (16, 'Charity', 'Ash');
insert into Feedback (FeedbackID, FeedbackType, Description) values (17, 'Ferd', 'Antonie');
insert into Feedback (FeedbackID, FeedbackType, Description) values (18, 'Kalvin', 'Karisa');
insert into Feedback (FeedbackID, FeedbackType, Description) values (19, 'Aline', 'Livvy');
insert into Feedback (FeedbackID, FeedbackType, Description) values (20, 'Robby', 'Rudyard');
insert into Feedback (FeedbackID, FeedbackType, Description) values (21, 'Rosy', 'Tabb');
insert into Feedback (FeedbackID, FeedbackType, Description) values (22, 'Wainwright', 'Merrel');
insert into Feedback (FeedbackID, FeedbackType, Description) values (23, 'Yoshiko', 'Melessa');
insert into Feedback (FeedbackID, FeedbackType, Description) values (24, 'Ali', 'Vernor');
insert into Feedback (FeedbackID, FeedbackType, Description) values (25, 'Addy', 'Davita');
insert into Feedback (FeedbackID, FeedbackType, Description) values (26, 'Witty', 'Marge');
insert into Feedback (FeedbackID, FeedbackType, Description) values (27, 'Anna-diana', 'Sophey');
insert into Feedback (FeedbackID, FeedbackType, Description) values (28, 'Gretal', 'Silvie');
insert into Feedback (FeedbackID, FeedbackType, Description) values (29, 'Torin', 'Johann');
insert into Feedback (FeedbackID, FeedbackType, Description) values (30, 'Rolando', 'Sheppard');
insert into Feedback (FeedbackID, FeedbackType, Description) values (31, 'Marietta', 'Palmer');
insert into Feedback (FeedbackID, FeedbackType, Description) values (32, 'Esma', 'Fan');
insert into Feedback (FeedbackID, FeedbackType, Description) values (33, 'Lindie', 'Nate');
insert into Feedback (FeedbackID, FeedbackType, Description) values (34, 'Lorry', 'Murial');
insert into Feedback (FeedbackID, FeedbackType, Description) values (35, 'Claudina', 'Sauncho');
insert into Feedback (FeedbackID, FeedbackType, Description) values (36, 'Eunice', 'Darline');
insert into Feedback (FeedbackID, FeedbackType, Description) values (37, 'Frieda', 'Zane');
insert into Feedback (FeedbackID, FeedbackType, Description) values (38, 'Gilligan', 'Hadria');
insert into Feedback (FeedbackID, FeedbackType, Description) values (39, 'Kingsley', 'Gery');
insert into Feedback (FeedbackID, FeedbackType, Description) values (40, 'Gerti', 'Piotr');
insert into Feedback (FeedbackID, FeedbackType, Description) values (41, 'Arnaldo', 'Sloan');
insert into Feedback (FeedbackID, FeedbackType, Description) values (42, 'Zilvia', 'Alfonso');
insert into Feedback (FeedbackID, FeedbackType, Description) values (43, 'Gipsy', 'Cori');
insert into Feedback (FeedbackID, FeedbackType, Description) values (44, 'Blaire', 'Eugenius');
insert into Feedback (FeedbackID, FeedbackType, Description) values (45, 'Madelina', 'Bradly');
insert into Feedback (FeedbackID, FeedbackType, Description) values (46, 'Micky', 'Mariquilla');
insert into Feedback (FeedbackID, FeedbackType, Description) values (47, 'Shari', 'Clemmie');
insert into Feedback (FeedbackID, FeedbackType, Description) values (48, 'Solly', 'Zorah');
insert into Feedback (FeedbackID, FeedbackType, Description) values (49, 'Rheba', 'Carly');
insert into Feedback (FeedbackID, FeedbackType, Description) values (50, 'Bernelle', 'Caril');
insert into Feedback (FeedbackID, FeedbackType, Description) values (51, 'Sadie', 'Zed');
insert into Feedback (FeedbackID, FeedbackType, Description) values (52, 'Briggs', 'Alaric');
insert into Feedback (FeedbackID, FeedbackType, Description) values (53, 'Bordie', 'Ricoriki');
insert into Feedback (FeedbackID, FeedbackType, Description) values (54, 'Gregoor', 'Victor');
insert into Feedback (FeedbackID, FeedbackType, Description) values (55, 'Karina', 'Nanci');
insert into Feedback (FeedbackID, FeedbackType, Description) values (56, 'Cristie', 'Linnie');
insert into Feedback (FeedbackID, FeedbackType, Description) values (57, 'Rupert', 'Carin');
insert into Feedback (FeedbackID, FeedbackType, Description) values (58, 'Gavan', 'Marrilee');
insert into Feedback (FeedbackID, FeedbackType, Description) values (59, 'Onofredo', 'Kerry');
insert into Feedback (FeedbackID, FeedbackType, Description) values (60, 'Valida', 'Paul');
insert into Feedback (FeedbackID, FeedbackType, Description) values (61, 'Estella', 'Jania');
insert into Feedback (FeedbackID, FeedbackType, Description) values (62, 'Vivienne', 'Alyosha');
insert into Feedback (FeedbackID, FeedbackType, Description) values (63, 'Irena', 'Abraham');
insert into Feedback (FeedbackID, FeedbackType, Description) values (64, 'Avrom', 'Viviyan');
insert into Feedback (FeedbackID, FeedbackType, Description) values (65, 'Jud', 'Gunner');
insert into Feedback (FeedbackID, FeedbackType, Description) values (66, 'Araldo', 'Stace');
insert into Feedback (FeedbackID, FeedbackType, Description) values (67, 'Maxim', 'Sorcha');
insert into Feedback (FeedbackID, FeedbackType, Description) values (68, 'Boot', 'Jerald');
insert into Feedback (FeedbackID, FeedbackType, Description) values (69, 'Cathleen', 'Binky');
insert into Feedback (FeedbackID, FeedbackType, Description) values (70, 'Agustin', 'Teddy');
insert into Feedback (FeedbackID, FeedbackType, Description) values (71, 'Gris', 'Michaela');
insert into Feedback (FeedbackID, FeedbackType, Description) values (72, 'Reuben', 'Barbara');
insert into Feedback (FeedbackID, FeedbackType, Description) values (73, 'Garrott', 'Denice');
insert into Feedback (FeedbackID, FeedbackType, Description) values (74, 'Reilly', 'Quinton');
insert into Feedback (FeedbackID, FeedbackType, Description) values (75, 'Perry', 'Randi');
insert into Feedback (FeedbackID, FeedbackType, Description) values (76, 'Savina', 'Tanner');
insert into Feedback (FeedbackID, FeedbackType, Description) values (77, 'Frederique', 'Den');
insert into Feedback (FeedbackID, FeedbackType, Description) values (78, 'Homer', 'Fionna');
insert into Feedback (FeedbackID, FeedbackType, Description) values (79, 'Idell', 'Bibbie');
insert into Feedback (FeedbackID, FeedbackType, Description) values (80, 'Britta', 'Alix');
insert into Feedback (FeedbackID, FeedbackType, Description) values (81, 'Arnold', 'Myrwyn');
insert into Feedback (FeedbackID, FeedbackType, Description) values (82, 'Balduin', 'Shayne');
insert into Feedback (FeedbackID, FeedbackType, Description) values (83, 'Vincents', 'Evangelia');
insert into Feedback (FeedbackID, FeedbackType, Description) values (84, 'Derrick', 'Yehudit');
insert into Feedback (FeedbackID, FeedbackType, Description) values (85, 'Lilly', 'Nikoletta');
insert into Feedback (FeedbackID, FeedbackType, Description) values (86, 'Curry', 'Hillard');
insert into Feedback (FeedbackID, FeedbackType, Description) values (87, 'Nell', 'Josias');
insert into Feedback (FeedbackID, FeedbackType, Description) values (88, 'Hank', 'Lyn');
insert into Feedback (FeedbackID, FeedbackType, Description) values (89, 'Raimondo', 'Merill');
insert into Feedback (FeedbackID, FeedbackType, Description) values (90, 'Ronnie', 'Gabie');
insert into Feedback (FeedbackID, FeedbackType, Description) values (91, 'Mercy', 'Reyna');
insert into Feedback (FeedbackID, FeedbackType, Description) values (92, 'Horst', 'Steffen');
insert into Feedback (FeedbackID, FeedbackType, Description) values (93, 'Harriett', 'Bertina');
insert into Feedback (FeedbackID, FeedbackType, Description) values (94, 'Hollyanne', 'Heather');
insert into Feedback (FeedbackID, FeedbackType, Description) values (95, 'Corenda', 'Clevey');
insert into Feedback (FeedbackID, FeedbackType, Description) values (96, 'Madelon', 'Franni');
insert into Feedback (FeedbackID, FeedbackType, Description) values (97, 'Molly', 'Rici');
insert into Feedback (FeedbackID, FeedbackType, Description) values (98, 'Timotheus', 'Talbert');
insert into Feedback (FeedbackID, FeedbackType, Description) values (99, 'Amelie', 'Noah');
insert into Feedback (FeedbackID, FeedbackType, Description) values (100, 'Kelsi', 'Roderic');


create table Coupons (
	CouponID INT,
	CustomerName VARCHAR(50),
	CouponType VARCHAR(50),
    primary key (`CouponID`)
);
insert into Coupons (CouponID, CustomerName, CouponType) values (1, 'Drusy', 'Ielden');
insert into Coupons (CouponID, CustomerName, CouponType) values (2, 'Joana', 'Eldershaw');
insert into Coupons (CouponID, CustomerName, CouponType) values (3, 'Pris', 'Lathwood');
insert into Coupons (CouponID, CustomerName, CouponType) values (4, 'Hayward', 'Rediers');
insert into Coupons (CouponID, CustomerName, CouponType) values (5, 'Kanya', 'Giacovazzo');
insert into Coupons (CouponID, CustomerName, CouponType) values (6, 'Sully', 'Northwood');
insert into Coupons (CouponID, CustomerName, CouponType) values (7, 'Tova', 'McAulay');
insert into Coupons (CouponID, CustomerName, CouponType) values (8, 'Jamie', 'Case');
insert into Coupons (CouponID, CustomerName, CouponType) values (9, 'Madelyn', 'Sullivan');
insert into Coupons (CouponID, CustomerName, CouponType) values (10, 'Larine', 'Klimuk');
insert into Coupons (CouponID, CustomerName, CouponType) values (11, 'Emmaline', 'Yven');
insert into Coupons (CouponID, CustomerName, CouponType) values (12, 'Valera', 'Paver');
insert into Coupons (CouponID, CustomerName, CouponType) values (13, 'Roscoe', 'Wilshin');
insert into Coupons (CouponID, CustomerName, CouponType) values (14, 'Barde', 'Murkus');
insert into Coupons (CouponID, CustomerName, CouponType) values (15, 'Christabel', 'Keaveny');
insert into Coupons (CouponID, CustomerName, CouponType) values (16, 'Leeanne', 'Mountney');
insert into Coupons (CouponID, CustomerName, CouponType) values (17, 'Garfield', 'MacCarrick');
insert into Coupons (CouponID, CustomerName, CouponType) values (18, 'Kellyann', 'O'' Brian');
insert into Coupons (CouponID, CustomerName, CouponType) values (19, 'Griz', 'Longhorne');
insert into Coupons (CouponID, CustomerName, CouponType) values (20, 'Osbert', 'Burgoin');
insert into Coupons (CouponID, CustomerName, CouponType) values (21, 'Roseanne', 'Skippon');
insert into Coupons (CouponID, CustomerName, CouponType) values (22, 'Agneta', 'Hurburt');
insert into Coupons (CouponID, CustomerName, CouponType) values (23, 'Sean', 'Dymock');
insert into Coupons (CouponID, CustomerName, CouponType) values (24, 'Geoff', 'Bolderson');
insert into Coupons (CouponID, CustomerName, CouponType) values (25, 'Irina', 'Toffalo');
insert into Coupons (CouponID, CustomerName, CouponType) values (26, 'Anatol', 'Dipple');
insert into Coupons (CouponID, CustomerName, CouponType) values (27, 'Woodrow', 'Cornuau');
insert into Coupons (CouponID, CustomerName, CouponType) values (28, 'Asa', 'Beagles');
insert into Coupons (CouponID, CustomerName, CouponType) values (29, 'Tremain', 'Kohlerman');
insert into Coupons (CouponID, CustomerName, CouponType) values (30, 'Torey', 'Reinger');
insert into Coupons (CouponID, CustomerName, CouponType) values (31, 'Willetta', 'Marsay');
insert into Coupons (CouponID, CustomerName, CouponType) values (32, 'Nicki', 'Scothern');
insert into Coupons (CouponID, CustomerName, CouponType) values (33, 'Josephine', 'Filipponi');
insert into Coupons (CouponID, CustomerName, CouponType) values (34, 'Benedetto', 'Panting');
insert into Coupons (CouponID, CustomerName, CouponType) values (35, 'Brianne', 'Cicculi');
insert into Coupons (CouponID, CustomerName, CouponType) values (36, 'Yvette', 'Dobbson');
insert into Coupons (CouponID, CustomerName, CouponType) values (37, 'Ulla', 'Checci');
insert into Coupons (CouponID, CustomerName, CouponType) values (38, 'Eugenia', 'Pipkin');
insert into Coupons (CouponID, CustomerName, CouponType) values (39, 'Celestine', 'Cruxton');
insert into Coupons (CouponID, CustomerName, CouponType) values (40, 'Clare', 'Gut');
insert into Coupons (CouponID, CustomerName, CouponType) values (41, 'Dorise', 'Wyvill');
insert into Coupons (CouponID, CustomerName, CouponType) values (42, 'Ivar', 'Robjant');
insert into Coupons (CouponID, CustomerName, CouponType) values (43, 'Deane', 'Dore');
insert into Coupons (CouponID, CustomerName, CouponType) values (44, 'Shandee', 'Gunnell');
insert into Coupons (CouponID, CustomerName, CouponType) values (45, 'Lita', 'Barttrum');
insert into Coupons (CouponID, CustomerName, CouponType) values (46, 'Rafe', 'Demke');
insert into Coupons (CouponID, CustomerName, CouponType) values (47, 'Coletta', 'Padbury');
insert into Coupons (CouponID, CustomerName, CouponType) values (48, 'Sherlocke', 'Nucci');
insert into Coupons (CouponID, CustomerName, CouponType) values (49, 'Luca', 'Yardy');
insert into Coupons (CouponID, CustomerName, CouponType) values (50, 'Corri', 'Mongain');
insert into Coupons (CouponID, CustomerName, CouponType) values (51, 'Dennie', 'Carsberg');
insert into Coupons (CouponID, CustomerName, CouponType) values (52, 'Carma', 'Grenville');
insert into Coupons (CouponID, CustomerName, CouponType) values (53, 'Dominik', 'Bohl');
insert into Coupons (CouponID, CustomerName, CouponType) values (54, 'Pansie', 'Huortic');
insert into Coupons (CouponID, CustomerName, CouponType) values (55, 'Livvy', 'Delete');
insert into Coupons (CouponID, CustomerName, CouponType) values (56, 'Tessi', 'MacGillivrie');
insert into Coupons (CouponID, CustomerName, CouponType) values (57, 'Stanley', 'Olive');
insert into Coupons (CouponID, CustomerName, CouponType) values (58, 'Bertina', 'Coote');
insert into Coupons (CouponID, CustomerName, CouponType) values (59, 'Gayel', 'Flye');
insert into Coupons (CouponID, CustomerName, CouponType) values (60, 'Josephina', 'Cruces');
insert into Coupons (CouponID, CustomerName, CouponType) values (61, 'Lizette', 'Hunnybun');
insert into Coupons (CouponID, CustomerName, CouponType) values (62, 'Farleigh', 'Kelsow');
insert into Coupons (CouponID, CustomerName, CouponType) values (63, 'Georgianna', 'Mathe');
insert into Coupons (CouponID, CustomerName, CouponType) values (64, 'Corette', 'Osgardby');
insert into Coupons (CouponID, CustomerName, CouponType) values (65, 'James', 'Musla');
insert into Coupons (CouponID, CustomerName, CouponType) values (66, 'Dru', 'Geockle');
insert into Coupons (CouponID, CustomerName, CouponType) values (67, 'Brynne', 'Gundrey');
insert into Coupons (CouponID, CustomerName, CouponType) values (68, 'Renata', 'Piggens');
insert into Coupons (CouponID, CustomerName, CouponType) values (69, 'Arturo', 'Slayton');
insert into Coupons (CouponID, CustomerName, CouponType) values (70, 'Arron', 'Duckham');
insert into Coupons (CouponID, CustomerName, CouponType) values (71, 'Kelsey', 'Smidmor');
insert into Coupons (CouponID, CustomerName, CouponType) values (72, 'Desiri', 'Le Marchand');
insert into Coupons (CouponID, CustomerName, CouponType) values (73, 'Kalvin', 'Lanyon');
insert into Coupons (CouponID, CustomerName, CouponType) values (74, 'Venita', 'Raft');
insert into Coupons (CouponID, CustomerName, CouponType) values (75, 'Leonerd', 'Orwin');
insert into Coupons (CouponID, CustomerName, CouponType) values (76, 'Jasun', 'Lorand');
insert into Coupons (CouponID, CustomerName, CouponType) values (77, 'Sherlocke', 'Dearnley');
insert into Coupons (CouponID, CustomerName, CouponType) values (78, 'Timotheus', 'Mongain');
insert into Coupons (CouponID, CustomerName, CouponType) values (79, 'Kendrick', 'Kuhlmey');
insert into Coupons (CouponID, CustomerName, CouponType) values (80, 'Erskine', 'Jakoviljevic');
insert into Coupons (CouponID, CustomerName, CouponType) values (81, 'Max', 'Clair');
insert into Coupons (CouponID, CustomerName, CouponType) values (82, 'Keely', 'Anthon');
insert into Coupons (CouponID, CustomerName, CouponType) values (83, 'Farah', 'Sigert');
insert into Coupons (CouponID, CustomerName, CouponType) values (84, 'Deeanne', 'Mabbs');
insert into Coupons (CouponID, CustomerName, CouponType) values (85, 'Arney', 'Biffin');
insert into Coupons (CouponID, CustomerName, CouponType) values (86, 'Jerald', 'Relph');
insert into Coupons (CouponID, CustomerName, CouponType) values (87, 'Waring', 'Buckler');
insert into Coupons (CouponID, CustomerName, CouponType) values (88, 'Eugene', 'Thirtle');
insert into Coupons (CouponID, CustomerName, CouponType) values (89, 'Alexandr', 'Berrisford');
insert into Coupons (CouponID, CustomerName, CouponType) values (90, 'Elvis', 'Worledge');
insert into Coupons (CouponID, CustomerName, CouponType) values (91, 'Sylvester', 'Tynan');
insert into Coupons (CouponID, CustomerName, CouponType) values (92, 'Ashlen', 'Smittoune');
insert into Coupons (CouponID, CustomerName, CouponType) values (93, 'Julius', 'Sivess');
insert into Coupons (CouponID, CustomerName, CouponType) values (94, 'Gusty', 'Hunsworth');
insert into Coupons (CouponID, CustomerName, CouponType) values (95, 'Aurilia', 'Jendrusch');
insert into Coupons (CouponID, CustomerName, CouponType) values (96, 'Delphine', 'Pawels');
insert into Coupons (CouponID, CustomerName, CouponType) values (97, 'June', 'Koppens');
insert into Coupons (CouponID, CustomerName, CouponType) values (98, 'Moll', 'Tingly');
insert into Coupons (CouponID, CustomerName, CouponType) values (99, 'Faunie', 'Eary');
insert into Coupons (CouponID, CustomerName, CouponType) values (100, 'Barclay', 'Prevett');

create table Bill (
	BillNumber INT,
	CustomerID INT,
	SalesmanID INT,
	EmailID VARCHAR(50),
	ProductID INT,
	UnitPrice INT,
	Qty INT,
	Discount INT,
	DeliveryCharge INT,
	BillingAddress VARCHAR(50),
	BillDate DATE,
	BillTime VARCHAR(50),
	TotalAmount INT,
    PRIMARY KEY (`BillNumber`),
    KEY `FK_CustomerID` (`CustomerID`),
    CONSTRAINT `FK_CustomerID` FOREIGN KEY (`CustomerID`) REFERENCES `Customer` (`CustomerID`) ON DELETE RESTRICT ON UPDATE CASCADE,
    KEY `FK_SalesmanID` (`SalesmanID`),
    CONSTRAINT `FK_SalesmanID` FOREIGN KEY (`SalesmanID`) REFERENCES `Salesman` (`SalesmanID`) ON DELETE RESTRICT ON UPDATE CASCADE,
    KEY `FK_ProductID` (`ProductID`),
    CONSTRAINT `FK_ProductID` FOREIGN KEY (`ProductID`) REFERENCES `Product` (`ProductID`) ON DELETE RESTRICT ON UPDATE CASCADE
);
insert into Bill (BillNumber, CustomerID, SalesmanID, ProductID, UnitPrice, Qty, Discount, DeliveryCharge, BillingAddress, BillDate, BillTime, TotalAmount) values (1, 1, 1, 1, 12, 41, 100, 49, '4261 Oxford Pass', '2022-04-13', '1:25 PM', 14);
insert into Bill (BillNumber, CustomerID, SalesmanID, ProductID, UnitPrice, Qty, Discount, DeliveryCharge, BillingAddress, BillDate, BillTime, TotalAmount) values (2, 2, 2, 2, 27, 28, 94, 413, '553 Delaware Hill', '2022-11-30', '3:02 PM', 9);
insert into Bill (BillNumber, CustomerID, SalesmanID, ProductID, UnitPrice, Qty, Discount, DeliveryCharge, BillingAddress, BillDate, BillTime, TotalAmount) values (3, 3, 3, 3, 28, 72, 87, 474, '2262 Sherman Center', '2022-12-12', '9:32 AM', 71);
insert into Bill (BillNumber, CustomerID, SalesmanID, ProductID, UnitPrice, Qty, Discount, DeliveryCharge, BillingAddress, BillDate, BillTime, TotalAmount) values (4, 4, 4, 4, 56, 73, 68, 491, '4 Merchant Road', '2022-04-05', '2:07 AM', 42);
insert into Bill (BillNumber, CustomerID, SalesmanID, ProductID, UnitPrice, Qty, Discount, DeliveryCharge, BillingAddress, BillDate, BillTime, TotalAmount) values (5, 5, 5, 5, 67, 79, 34, 272, '1 Melrose Hill', '2022-03-06', '9:18 PM', 41);
insert into Bill (BillNumber, CustomerID, SalesmanID, ProductID, UnitPrice, Qty, Discount, DeliveryCharge, BillingAddress, BillDate, BillTime, TotalAmount) values (6, 6, 6, 6, 18, 86, 56, 461, '199 Eastwood Center', '2022-03-07', '4:28 PM', 72);
insert into Bill (BillNumber, CustomerID, SalesmanID, ProductID, UnitPrice, Qty, Discount, DeliveryCharge, BillingAddress, BillDate, BillTime, TotalAmount) values (7, 7, 7, 7, 75, 23, 31, 177, '53318 Dovetail Court', '2022-02-10', '4:10 AM', 70);
insert into Bill (BillNumber, CustomerID, SalesmanID, ProductID, UnitPrice, Qty, Discount, DeliveryCharge, BillingAddress, BillDate, BillTime, TotalAmount) values (8, 8, 8, 8, 49, 79, 48, 165, '0 Sycamore Road', '2022-10-16', '9:07 PM', 2);
insert into Bill (BillNumber, CustomerID, SalesmanID, ProductID, UnitPrice, Qty, Discount, DeliveryCharge, BillingAddress, BillDate, BillTime, TotalAmount) values (9, 9, 9, 9, 97, 23, 100, 103, '70 Welch Junction', '2022-10-26', '2:30 PM', 60);
insert into Bill (BillNumber, CustomerID, SalesmanID, ProductID, UnitPrice, Qty, Discount, DeliveryCharge, BillingAddress, BillDate, BillTime, TotalAmount) values (10, 10, 10, 10, 22, 55, 3, 365, '5241 Gateway Plaza', '2022-02-28', '8:10 AM', 41);
insert into Bill (BillNumber, CustomerID, SalesmanID, ProductID, UnitPrice, Qty, Discount, DeliveryCharge, BillingAddress, BillDate, BillTime, TotalAmount) values (11, 11, 11, 11, 6, 36, 33, 450, '157 School Place', '2022-05-05', '1:25 PM', 39);
insert into Bill (BillNumber, CustomerID, SalesmanID, ProductID, UnitPrice, Qty, Discount, DeliveryCharge, BillingAddress, BillDate, BillTime, TotalAmount) values (12, 12, 12, 12, 55, 90, 25, 264, '6 Toban Street', '2022-07-19', '7:24 PM', 42);
insert into Bill (BillNumber, CustomerID, SalesmanID, ProductID, UnitPrice, Qty, Discount, DeliveryCharge, BillingAddress, BillDate, BillTime, TotalAmount) values (13, 13, 13, 13, 61, 14, 78, 173, '7561 Anthes Circle', '2022-04-10', '8:29 PM', 39);
insert into Bill (BillNumber, CustomerID, SalesmanID, ProductID, UnitPrice, Qty, Discount, DeliveryCharge, BillingAddress, BillDate, BillTime, TotalAmount) values (14, 14, 14, 14, 98, 14, 100, 245, '67617 Grim Court', '2023-01-16', '11:21 AM', 99);
insert into Bill (BillNumber, CustomerID, SalesmanID, ProductID, UnitPrice, Qty, Discount, DeliveryCharge, BillingAddress, BillDate, BillTime, TotalAmount) values (15, 15, 15, 15, 59, 46, 51, 399, '25591 Ilene Street', '2022-11-17', '8:52 AM', 76);
insert into Bill (BillNumber, CustomerID, SalesmanID, ProductID, UnitPrice, Qty, Discount, DeliveryCharge, BillingAddress, BillDate, BillTime, TotalAmount) values (16, 16, 16, 16, 84, 69, 73, 16, '1208 Raven Circle', '2022-06-04', '7:45 AM', 70);
insert into Bill (BillNumber, CustomerID, SalesmanID, ProductID, UnitPrice, Qty, Discount, DeliveryCharge, BillingAddress, BillDate, BillTime, TotalAmount) values (17, 17, 17, 17, 2, 99, 11, 71, '57 Morrow Junction', '2022-07-28', '8:28 PM', 48);
insert into Bill (BillNumber, CustomerID, SalesmanID, ProductID, UnitPrice, Qty, Discount, DeliveryCharge, BillingAddress, BillDate, BillTime, TotalAmount) values (18, 18, 18, 18, 73, 69, 20, 168, '4 1st Court', '2022-04-10', '12:49 PM', 58);
insert into Bill (BillNumber, CustomerID, SalesmanID, ProductID, UnitPrice, Qty, Discount, DeliveryCharge, BillingAddress, BillDate, BillTime, TotalAmount) values (19, 19, 19, 19, 4, 6, 99, 291, '75 Melody Trail', '2022-04-24', '2:45 PM', 4);
insert into Bill (BillNumber, CustomerID, SalesmanID, ProductID, UnitPrice, Qty, Discount, DeliveryCharge, BillingAddress, BillDate, BillTime, TotalAmount) values (20, 20, 20, 20, 43, 68, 93, 399, '459 7th Court', '2022-03-11', '5:16 AM', 77);
insert into Bill (BillNumber, CustomerID, SalesmanID, ProductID, UnitPrice, Qty, Discount, DeliveryCharge, BillingAddress, BillDate, BillTime, TotalAmount) values (21, 21, 21, 21, 99, 10, 38, 137, '974 Hudson Plaza', '2022-07-16', '5:47 AM', 36);
insert into Bill (BillNumber, CustomerID, SalesmanID, ProductID, UnitPrice, Qty, Discount, DeliveryCharge, BillingAddress, BillDate, BillTime, TotalAmount) values (22, 22, 22, 22, 80, 39, 100, 374, '0 Village Center', '2022-03-05', '3:54 PM', 15);
insert into Bill (BillNumber, CustomerID, SalesmanID, ProductID, UnitPrice, Qty, Discount, DeliveryCharge, BillingAddress, BillDate, BillTime, TotalAmount) values (23, 23, 23, 23, 51, 15, 58, 381, '5 Blaine Parkway', '2023-01-17', '8:26 AM', 72);
insert into Bill (BillNumber, CustomerID, SalesmanID, ProductID, UnitPrice, Qty, Discount, DeliveryCharge, BillingAddress, BillDate, BillTime, TotalAmount) values (24, 24, 24, 24, 11, 35, 57, 322, '72 Golden Leaf Center', '2022-12-08', '6:48 AM', 80);
insert into Bill (BillNumber, CustomerID, SalesmanID, ProductID, UnitPrice, Qty, Discount, DeliveryCharge, BillingAddress, BillDate, BillTime, TotalAmount) values (25, 25, 25, 25, 29, 72, 31, 106, '55999 Merry Avenue', '2022-05-22', '10:30 AM', 12);
insert into Bill (BillNumber, CustomerID, SalesmanID, ProductID, UnitPrice, Qty, Discount, DeliveryCharge, BillingAddress, BillDate, BillTime, TotalAmount) values (26, 26, 26, 26, 83, 74, 78, 139, '3701 Debs Hill', '2022-10-22', '3:37 PM', 97);
insert into Bill (BillNumber, CustomerID, SalesmanID, ProductID, UnitPrice, Qty, Discount, DeliveryCharge, BillingAddress, BillDate, BillTime, TotalAmount) values (27, 27, 27, 27, 62, 54, 48, 157, '45 Sauthoff Street', '2022-12-25', '2:02 PM', 79);
insert into Bill (BillNumber, CustomerID, SalesmanID, ProductID, UnitPrice, Qty, Discount, DeliveryCharge, BillingAddress, BillDate, BillTime, TotalAmount) values (28, 28, 28, 28, 72, 71, 5, 438, '4 Aberg Way', '2023-01-11', '8:11 AM', 53);
insert into Bill (BillNumber, CustomerID, SalesmanID, ProductID, UnitPrice, Qty, Discount, DeliveryCharge, BillingAddress, BillDate, BillTime, TotalAmount) values (29, 29, 29, 29, 95, 69, 98, 74, '4 Melody Junction', '2023-01-14', '1:30 PM', 64);
insert into Bill (BillNumber, CustomerID, SalesmanID, ProductID, UnitPrice, Qty, Discount, DeliveryCharge, BillingAddress, BillDate, BillTime, TotalAmount) values (30, 30, 30, 30, 38, 38, 18, 475, '591 Annamark Point', '2023-01-12', '9:27 PM', 79);
insert into Bill (BillNumber, CustomerID, SalesmanID, ProductID, UnitPrice, Qty, Discount, DeliveryCharge, BillingAddress, BillDate, BillTime, TotalAmount) values (31, 31, 31, 31, 9, 15, 66, 495, '74 Monica Crossing', '2022-08-04', '7:30 PM', 18);
insert into Bill (BillNumber, CustomerID, SalesmanID, ProductID, UnitPrice, Qty, Discount, DeliveryCharge, BillingAddress, BillDate, BillTime, TotalAmount) values (32, 32, 32, 32, 66, 34, 13, 453, '2 3rd Center', '2022-10-31', '5:23 PM', 9);
insert into Bill (BillNumber, CustomerID, SalesmanID, ProductID, UnitPrice, Qty, Discount, DeliveryCharge, BillingAddress, BillDate, BillTime, TotalAmount) values (33, 33, 33, 33, 99, 34, 89, 220, '6 Grayhawk Way', '2022-07-23', '6:51 AM', 23);
insert into Bill (BillNumber, CustomerID, SalesmanID, ProductID, UnitPrice, Qty, Discount, DeliveryCharge, BillingAddress, BillDate, BillTime, TotalAmount) values (34, 34, 34, 34, 54, 86, 40, 487, '817 Arapahoe Crossing', '2022-09-08', '1:33 AM', 88);
insert into Bill (BillNumber, CustomerID, SalesmanID, ProductID, UnitPrice, Qty, Discount, DeliveryCharge, BillingAddress, BillDate, BillTime, TotalAmount) values (35, 35, 35, 35, 31, 59, 62, 429, '31247 Schurz Terrace', '2022-10-12', '4:23 PM', 28);
insert into Bill (BillNumber, CustomerID, SalesmanID, ProductID, UnitPrice, Qty, Discount, DeliveryCharge, BillingAddress, BillDate, BillTime, TotalAmount) values (36, 36, 36, 36, 5, 92, 47, 43, '73 Nova Avenue', '2022-06-23', '4:36 AM', 45);
insert into Bill (BillNumber, CustomerID, SalesmanID, ProductID, UnitPrice, Qty, Discount, DeliveryCharge, BillingAddress, BillDate, BillTime, TotalAmount) values (37, 37, 37, 37, 99, 33, 85, 12, '9574 Steensland Junction', '2022-09-23', '8:22 AM', 87);
insert into Bill (BillNumber, CustomerID, SalesmanID, ProductID, UnitPrice, Qty, Discount, DeliveryCharge, BillingAddress, BillDate, BillTime, TotalAmount) values (38, 38, 38, 38, 11, 46, 97, 218, '31554 Jenna Crossing', '2023-01-13', '6:13 PM', 55);
insert into Bill (BillNumber, CustomerID, SalesmanID, ProductID, UnitPrice, Qty, Discount, DeliveryCharge, BillingAddress, BillDate, BillTime, TotalAmount) values (39, 39, 39, 39, 20, 88, 27, 126, '01823 Texas Way', '2022-03-09', '12:02 PM', 25);
insert into Bill (BillNumber, CustomerID, SalesmanID, ProductID, UnitPrice, Qty, Discount, DeliveryCharge, BillingAddress, BillDate, BillTime, TotalAmount) values (40, 40, 40, 40, 97, 53, 15, 355, '9 Marquette Street', '2022-07-03', '3:40 PM', 54);
insert into Bill (BillNumber, CustomerID, SalesmanID, ProductID, UnitPrice, Qty, Discount, DeliveryCharge, BillingAddress, BillDate, BillTime, TotalAmount) values (41, 41, 41, 41, 31, 13, 87, 276, '1711 Farwell Circle', '2022-05-27', '11:39 AM', 11);
insert into Bill (BillNumber, CustomerID, SalesmanID, ProductID, UnitPrice, Qty, Discount, DeliveryCharge, BillingAddress, BillDate, BillTime, TotalAmount) values (42, 42, 42, 42, 38, 76, 20, 87, '4 Kedzie Street', '2022-06-29', '2:59 AM', 45);
insert into Bill (BillNumber, CustomerID, SalesmanID, ProductID, UnitPrice, Qty, Discount, DeliveryCharge, BillingAddress, BillDate, BillTime, TotalAmount) values (43, 43, 43, 43, 35, 76, 37, 3, '311 Warbler Pass', '2022-11-29', '9:16 PM', 90);
insert into Bill (BillNumber, CustomerID, SalesmanID, ProductID, UnitPrice, Qty, Discount, DeliveryCharge, BillingAddress, BillDate, BillTime, TotalAmount) values (44, 44, 44, 44, 1, 50, 72, 104, '7641 Ohio Place', '2022-04-01', '12:19 AM', 96);
insert into Bill (BillNumber, CustomerID, SalesmanID, ProductID, UnitPrice, Qty, Discount, DeliveryCharge, BillingAddress, BillDate, BillTime, TotalAmount) values (45, 45, 45, 45, 30, 24, 89, 392, '12 Burrows Hill', '2022-05-31', '6:47 PM', 78);
insert into Bill (BillNumber, CustomerID, SalesmanID, ProductID, UnitPrice, Qty, Discount, DeliveryCharge, BillingAddress, BillDate, BillTime, TotalAmount) values (46, 46, 46, 46, 35, 67, 54, 80, '590 Packers Street', '2022-05-22', '10:15 PM', 51);
insert into Bill (BillNumber, CustomerID, SalesmanID, ProductID, UnitPrice, Qty, Discount, DeliveryCharge, BillingAddress, BillDate, BillTime, TotalAmount) values (47, 47, 47, 47, 93, 27, 45, 449, '10949 Graceland Street', '2022-04-05', '5:08 AM', 50);
insert into Bill (BillNumber, CustomerID, SalesmanID, ProductID, UnitPrice, Qty, Discount, DeliveryCharge, BillingAddress, BillDate, BillTime, TotalAmount) values (48, 48, 48, 48, 89, 87, 46, 297, '94001 Mendota Alley', '2022-10-21', '1:29 AM', 97);
insert into Bill (BillNumber, CustomerID, SalesmanID, ProductID, UnitPrice, Qty, Discount, DeliveryCharge, BillingAddress, BillDate, BillTime, TotalAmount) values (49, 49, 49, 49, 35, 71, 12, 228, '875 Parkside Pass', '2022-07-06', '12:20 PM', 50);
insert into Bill (BillNumber, CustomerID, SalesmanID, ProductID, UnitPrice, Qty, Discount, DeliveryCharge, BillingAddress, BillDate, BillTime, TotalAmount) values (50, 50, 50, 50, 72, 9, 53, 377, '0457 Golf Pass', '2023-01-04', '7:34 AM', 92);
insert into Bill (BillNumber, CustomerID, SalesmanID, ProductID, UnitPrice, Qty, Discount, DeliveryCharge, BillingAddress, BillDate, BillTime, TotalAmount) values (51, 51, 51, 51, 22, 75, 66, 367, '08886 Superior Point', '2022-10-01', '2:41 PM', 33);
insert into Bill (BillNumber, CustomerID, SalesmanID, ProductID, UnitPrice, Qty, Discount, DeliveryCharge, BillingAddress, BillDate, BillTime, TotalAmount) values (52, 52, 52, 52, 56, 9, 22, 79, '899 Cordelia Street', '2022-12-30', '4:24 AM', 99);
insert into Bill (BillNumber, CustomerID, SalesmanID, ProductID, UnitPrice, Qty, Discount, DeliveryCharge, BillingAddress, BillDate, BillTime, TotalAmount) values (53, 53, 53, 53, 69, 38, 72, 131, '86 Kedzie Street', '2022-07-29', '9:33 AM', 90);
insert into Bill (BillNumber, CustomerID, SalesmanID, ProductID, UnitPrice, Qty, Discount, DeliveryCharge, BillingAddress, BillDate, BillTime, TotalAmount) values (54, 54, 54, 54, 58, 4, 64, 356, '81 Washington Way', '2022-08-18', '4:52 PM', 80);
insert into Bill (BillNumber, CustomerID, SalesmanID, ProductID, UnitPrice, Qty, Discount, DeliveryCharge, BillingAddress, BillDate, BillTime, TotalAmount) values (55, 55, 55, 55, 18, 74, 96, 265, '77 Hermina Trail', '2022-06-29', '1:03 AM', 79);
insert into Bill (BillNumber, CustomerID, SalesmanID, ProductID, UnitPrice, Qty, Discount, DeliveryCharge, BillingAddress, BillDate, BillTime, TotalAmount) values (56, 56, 56, 56, 54, 3, 15, 127, '83 Fulton Place', '2022-07-10', '8:47 PM', 93);
insert into Bill (BillNumber, CustomerID, SalesmanID, ProductID, UnitPrice, Qty, Discount, DeliveryCharge, BillingAddress, BillDate, BillTime, TotalAmount) values (57, 57, 57, 57, 47, 6, 72, 179, '3143 Blackbird Road', '2022-09-13', '10:41 AM', 61);
insert into Bill (BillNumber, CustomerID, SalesmanID, ProductID, UnitPrice, Qty, Discount, DeliveryCharge, BillingAddress, BillDate, BillTime, TotalAmount) values (58, 58, 58, 58, 4, 45, 65, 404, '28855 Florence Way', '2022-12-02', '10:12 AM', 1);
insert into Bill (BillNumber, CustomerID, SalesmanID, ProductID, UnitPrice, Qty, Discount, DeliveryCharge, BillingAddress, BillDate, BillTime, TotalAmount) values (59, 59, 59, 59, 11, 78, 23, 437, '251 Pleasure Center', '2022-02-26', '4:38 PM', 77);
insert into Bill (BillNumber, CustomerID, SalesmanID, ProductID, UnitPrice, Qty, Discount, DeliveryCharge, BillingAddress, BillDate, BillTime, TotalAmount) values (60, 60, 60, 60, 38, 83, 68, 345, '98 Hansons Court', '2022-09-08', '11:56 PM', 92);
insert into Bill (BillNumber, CustomerID, SalesmanID, ProductID, UnitPrice, Qty, Discount, DeliveryCharge, BillingAddress, BillDate, BillTime, TotalAmount) values (61, 61, 61, 61, 6, 96, 44, 131, '2 Monument Parkway', '2022-07-29', '5:50 PM', 81);
insert into Bill (BillNumber, CustomerID, SalesmanID, ProductID, UnitPrice, Qty, Discount, DeliveryCharge, BillingAddress, BillDate, BillTime, TotalAmount) values (62, 62, 62, 62, 74, 26, 8, 336, '3 Hayes Drive', '2022-08-14', '9:14 PM', 70);
insert into Bill (BillNumber, CustomerID, SalesmanID, ProductID, UnitPrice, Qty, Discount, DeliveryCharge, BillingAddress, BillDate, BillTime, TotalAmount) values (63, 63, 63, 63, 8, 88, 97, 182, '3697 Elka Lane', '2022-08-02', '9:20 AM', 41);
insert into Bill (BillNumber, CustomerID, SalesmanID, ProductID, UnitPrice, Qty, Discount, DeliveryCharge, BillingAddress, BillDate, BillTime, TotalAmount) values (64, 64, 64, 64, 31, 84, 87, 489, '41 Trailsway Alley', '2022-08-04', '6:51 PM', 100);
insert into Bill (BillNumber, CustomerID, SalesmanID, ProductID, UnitPrice, Qty, Discount, DeliveryCharge, BillingAddress, BillDate, BillTime, TotalAmount) values (65, 65, 65, 65, 30, 89, 57, 460, '98935 Eastlawn Trail', '2022-08-18', '9:03 PM', 14);
insert into Bill (BillNumber, CustomerID, SalesmanID, ProductID, UnitPrice, Qty, Discount, DeliveryCharge, BillingAddress, BillDate, BillTime, TotalAmount) values (66, 66, 66, 66, 29, 92, 43, 340, '63003 Fremont Crossing', '2023-01-18', '11:10 AM', 76);
insert into Bill (BillNumber, CustomerID, SalesmanID, ProductID, UnitPrice, Qty, Discount, DeliveryCharge, BillingAddress, BillDate, BillTime, TotalAmount) values (67, 67, 67, 67, 8, 26, 8, 216, '8 Karstens Court', '2022-11-24', '8:46 PM', 73);
insert into Bill (BillNumber, CustomerID, SalesmanID, ProductID, UnitPrice, Qty, Discount, DeliveryCharge, BillingAddress, BillDate, BillTime, TotalAmount) values (68, 68, 68, 68, 11, 98, 100, 196, '9 Kennedy Lane', '2022-04-07', '5:21 AM', 92);
insert into Bill (BillNumber, CustomerID, SalesmanID, ProductID, UnitPrice, Qty, Discount, DeliveryCharge, BillingAddress, BillDate, BillTime, TotalAmount) values (69, 69, 69, 69, 49, 87, 89, 142, '907 Maywood Street', '2022-03-09', '1:35 PM', 88);
insert into Bill (BillNumber, CustomerID, SalesmanID, ProductID, UnitPrice, Qty, Discount, DeliveryCharge, BillingAddress, BillDate, BillTime, TotalAmount) values (70, 70, 70, 70, 94, 6, 25, 237, '68935 Artisan Place', '2022-03-18', '9:05 AM', 86);
insert into Bill (BillNumber, CustomerID, SalesmanID, ProductID, UnitPrice, Qty, Discount, DeliveryCharge, BillingAddress, BillDate, BillTime, TotalAmount) values (71, 71, 71, 71, 65, 95, 73, 168, '26202 Claremont Street', '2022-12-10', '1:05 PM', 54);
insert into Bill (BillNumber, CustomerID, SalesmanID, ProductID, UnitPrice, Qty, Discount, DeliveryCharge, BillingAddress, BillDate, BillTime, TotalAmount) values (72, 72, 72, 72, 9, 7, 98, 169, '5 Schmedeman Lane', '2022-04-03', '4:31 AM', 92);
insert into Bill (BillNumber, CustomerID, SalesmanID, ProductID, UnitPrice, Qty, Discount, DeliveryCharge, BillingAddress, BillDate, BillTime, TotalAmount) values (73, 73, 73, 73, 18, 74, 49, 490, '1867 Brown Place', '2022-07-10', '9:10 AM', 66);
insert into Bill (BillNumber, CustomerID, SalesmanID, ProductID, UnitPrice, Qty, Discount, DeliveryCharge, BillingAddress, BillDate, BillTime, TotalAmount) values (74, 74, 74, 74, 74, 44, 85, 223, '724 Green Ridge Park', '2022-03-28', '9:14 AM', 79);
insert into Bill (BillNumber, CustomerID, SalesmanID, ProductID, UnitPrice, Qty, Discount, DeliveryCharge, BillingAddress, BillDate, BillTime, TotalAmount) values (75, 75, 75, 75, 76, 88, 63, 491, '81584 Nobel Court', '2022-03-14', '12:31 PM', 6);
insert into Bill (BillNumber, CustomerID, SalesmanID, ProductID, UnitPrice, Qty, Discount, DeliveryCharge, BillingAddress, BillDate, BillTime, TotalAmount) values (76, 76, 76, 76, 36, 26, 8, 168, '6804 4th Place', '2022-03-23', '11:28 AM', 61);
insert into Bill (BillNumber, CustomerID, SalesmanID, ProductID, UnitPrice, Qty, Discount, DeliveryCharge, BillingAddress, BillDate, BillTime, TotalAmount) values (77, 77, 77, 77, 4, 43, 30, 102, '0721 Village Pass', '2022-06-02', '7:48 PM', 1);
insert into Bill (BillNumber, CustomerID, SalesmanID, ProductID, UnitPrice, Qty, Discount, DeliveryCharge, BillingAddress, BillDate, BillTime, TotalAmount) values (78, 78, 78, 78, 78, 40, 17, 105, '80 Dahle Way', '2022-07-09', '6:17 PM', 9);
insert into Bill (BillNumber, CustomerID, SalesmanID, ProductID, UnitPrice, Qty, Discount, DeliveryCharge, BillingAddress, BillDate, BillTime, TotalAmount) values (79, 79, 79, 79, 39, 53, 78, 194, '7 Mcguire Avenue', '2023-01-26', '5:40 AM', 10);
insert into Bill (BillNumber, CustomerID, SalesmanID, ProductID, UnitPrice, Qty, Discount, DeliveryCharge, BillingAddress, BillDate, BillTime, TotalAmount) values (80, 80, 80, 80, 61, 42, 82, 473, '1102 Alpine Trail', '2022-03-26', '3:59 AM', 18);
insert into Bill (BillNumber, CustomerID, SalesmanID, ProductID, UnitPrice, Qty, Discount, DeliveryCharge, BillingAddress, BillDate, BillTime, TotalAmount) values (81, 81, 81, 81, 68, 33, 16, 113, '24269 Warrior Terrace', '2022-06-13', '4:23 AM', 99);
insert into Bill (BillNumber, CustomerID, SalesmanID, ProductID, UnitPrice, Qty, Discount, DeliveryCharge, BillingAddress, BillDate, BillTime, TotalAmount) values (82, 82, 82, 82, 96, 95, 65, 489, '09703 Thierer Hill', '2022-12-26', '2:09 AM', 58);
insert into Bill (BillNumber, CustomerID, SalesmanID, ProductID, UnitPrice, Qty, Discount, DeliveryCharge, BillingAddress, BillDate, BillTime, TotalAmount) values (83, 83, 83, 83, 12, 87, 78, 157, '5932 Loftsgordon Avenue', '2022-05-03', '4:03 PM', 89);
insert into Bill (BillNumber, CustomerID, SalesmanID, ProductID, UnitPrice, Qty, Discount, DeliveryCharge, BillingAddress, BillDate, BillTime, TotalAmount) values (84, 84, 84, 84, 16, 24, 19, 481, '21 Grover Hill', '2022-12-25', '6:09 AM', 99);
insert into Bill (BillNumber, CustomerID, SalesmanID, ProductID, UnitPrice, Qty, Discount, DeliveryCharge, BillingAddress, BillDate, BillTime, TotalAmount) values (85, 85, 85, 85, 61, 90, 46, 10, '9345 Basil Pass', '2022-05-11', '3:34 PM', 43);
insert into Bill (BillNumber, CustomerID, SalesmanID, ProductID, UnitPrice, Qty, Discount, DeliveryCharge, BillingAddress, BillDate, BillTime, TotalAmount) values (86, 86, 86, 86, 98, 25, 3, 440, '43 Bunting Junction', '2023-02-07', '4:03 AM', 23);
insert into Bill (BillNumber, CustomerID, SalesmanID, ProductID, UnitPrice, Qty, Discount, DeliveryCharge, BillingAddress, BillDate, BillTime, TotalAmount) values (87, 87, 87, 87, 63, 69, 59, 16, '2 Knutson Court', '2022-08-26', '9:35 PM', 41);
insert into Bill (BillNumber, CustomerID, SalesmanID, ProductID, UnitPrice, Qty, Discount, DeliveryCharge, BillingAddress, BillDate, BillTime, TotalAmount) values (88, 88, 88, 88, 29, 100, 80, 60, '90 Lotheville Park', '2022-05-21', '7:35 PM', 67);
insert into Bill (BillNumber, CustomerID, SalesmanID, ProductID, UnitPrice, Qty, Discount, DeliveryCharge, BillingAddress, BillDate, BillTime, TotalAmount) values (89, 89, 89, 89, 20, 52, 46, 288, '105 Nobel Lane', '2022-09-22', '4:56 AM', 50);
insert into Bill (BillNumber, CustomerID, SalesmanID, ProductID, UnitPrice, Qty, Discount, DeliveryCharge, BillingAddress, BillDate, BillTime, TotalAmount) values (90, 90, 90, 90, 28, 16, 56, 216, '1 Warbler Road', '2022-09-27', '5:15 AM', 39);
insert into Bill (BillNumber, CustomerID, SalesmanID, ProductID, UnitPrice, Qty, Discount, DeliveryCharge, BillingAddress, BillDate, BillTime, TotalAmount) values (91, 91, 91, 91, 94, 40, 28, 167, '4 Bobwhite Court', '2022-09-12', '4:18 AM', 51);
insert into Bill (BillNumber, CustomerID, SalesmanID, ProductID, UnitPrice, Qty, Discount, DeliveryCharge, BillingAddress, BillDate, BillTime, TotalAmount) values (92, 92, 92, 92, 43, 20, 29, 251, '93593 Arkansas Point', '2022-10-20', '4:12 AM', 59);
insert into Bill (BillNumber, CustomerID, SalesmanID, ProductID, UnitPrice, Qty, Discount, DeliveryCharge, BillingAddress, BillDate, BillTime, TotalAmount) values (93, 93, 93, 93, 70, 96, 25, 22, '932 Schmedeman Road', '2022-06-11', '11:15 PM', 34);
insert into Bill (BillNumber, CustomerID, SalesmanID, ProductID, UnitPrice, Qty, Discount, DeliveryCharge, BillingAddress, BillDate, BillTime, TotalAmount) values (94, 94, 94, 94, 82, 95, 83, 64, '709 Londonderry Crossing', '2022-03-07', '9:17 AM', 20);
insert into Bill (BillNumber, CustomerID, SalesmanID, ProductID, UnitPrice, Qty, Discount, DeliveryCharge, BillingAddress, BillDate, BillTime, TotalAmount) values (95, 95, 95, 95, 28, 95, 92, 327, '598 Hansons Avenue', '2022-04-14', '10:16 AM', 99);
insert into Bill (BillNumber, CustomerID, SalesmanID, ProductID, UnitPrice, Qty, Discount, DeliveryCharge, BillingAddress, BillDate, BillTime, TotalAmount) values (96, 96, 96, 96, 15, 55, 31, 446, '8 Dakota Drive', '2022-05-01', '4:12 PM', 100);
insert into Bill (BillNumber, CustomerID, SalesmanID, ProductID, UnitPrice, Qty, Discount, DeliveryCharge, BillingAddress, BillDate, BillTime, TotalAmount) values (97, 97, 97, 97, 70, 11, 33, 90, '8 Orin Plaza', '2022-04-30', '7:06 PM', 53);
insert into Bill (BillNumber, CustomerID, SalesmanID, ProductID, UnitPrice, Qty, Discount, DeliveryCharge, BillingAddress, BillDate, BillTime, TotalAmount) values (98, 98, 98, 98, 23, 20, 66, 341, '525 Victoria Pass', '2022-08-10', '3:57 AM', 49);
insert into Bill (BillNumber, CustomerID, SalesmanID, ProductID, UnitPrice, Qty, Discount, DeliveryCharge, BillingAddress, BillDate, BillTime, TotalAmount) values (99, 99, 99, 99, 9, 83, 65, 82, '25 Artisan Junction', '2022-12-13', '5:48 PM', 25);
insert into Bill (BillNumber, CustomerID, SalesmanID, ProductID, UnitPrice, Qty, Discount, DeliveryCharge, BillingAddress, BillDate, BillTime, TotalAmount) values (100, 100, 100, 100, 5, 14, 29, 96, '1 Mosinee Way', '2022-11-22', '8:18 PM', 5);


create table Stores (
	StoresID INT,
	StoresName VARCHAR(50),
	Address VARCHAR(50),
	EmailID VARCHAR(50),
	City VARCHAR(50),
	Region VARCHAR(50),
    primary key (`StoresID`)
);

insert into Stores (StoresID, StoresName, Address, EmailID, City, Region) values (1, 'Ramon', '78 Bunting Court', 'rbabonau0@youku.com', 'Eastwood', 'Di Loreto');
insert into Stores (StoresID, StoresName, Address, EmailID, City, Region) values (2, 'Dory', '0576 Bartillon Avenue', 'dkreutzer1@opensource.org', 'Larry', 'Carioca');
insert into Stores (StoresID, StoresName, Address, EmailID, City, Region) values (3, 'Tab', '1 Mallard Way', 'tissacov2@geocities.com', 'Gale', 'Cambridge');
insert into Stores (StoresID, StoresName, Address, EmailID, City, Region) values (4, 'Carroll', '6671 Spohn Way', 'clafay3@myspace.com', 'La Follette', 'John Wall');
insert into Stores (StoresID, StoresName, Address, EmailID, City, Region) values (5, 'Trevor', '1 Fremont Avenue', 'talphege4@usda.gov', '4th', 'Bonner');
insert into Stores (StoresID, StoresName, Address, EmailID, City, Region) values (6, 'Deedee', '22 Rigney Park', 'dshevill5@prnewswire.com', 'Swallow', 'Mcguire');
insert into Stores (StoresID, StoresName, Address, EmailID, City, Region) values (7, 'Rosco', '021 Sutteridge Point', 'rhuleatt6@linkedin.com', 'Kropf', 'Chinook');
insert into Stores (StoresID, StoresName, Address, EmailID, City, Region) values (8, 'Johnnie', '6 Holy Cross Way', 'jkinnaird7@bbc.co.uk', 'Ridgeway', 'Service');
insert into Stores (StoresID, StoresName, Address, EmailID, City, Region) values (9, 'Hunt', '6964 Barnett Street', 'hgrimley8@cisco.com', 'Duke', 'Mcbride');
insert into Stores (StoresID, StoresName, Address, EmailID, City, Region) values (10, 'Lotte', '6 Bashford Hill', 'lbonnick9@bing.com', 'Saint Paul', 'Lakewood');
insert into Stores (StoresID, StoresName, Address, EmailID, City, Region) values (11, 'Micheil', '188 Hanson Court', 'mwanella@zimbio.com', 'Old Shore', 'Fieldstone');
insert into Stores (StoresID, StoresName, Address, EmailID, City, Region) values (12, 'Evanne', '7 Pennsylvania Way', 'esemonb@hud.gov', 'Melby', '4th');
insert into Stores (StoresID, StoresName, Address, EmailID, City, Region) values (13, 'Morey', '148 Daystar Street', 'mmoynec@ocn.ne.jp', 'Forster', 'East');
insert into Stores (StoresID, StoresName, Address, EmailID, City, Region) values (14, 'Fanny', '0 Spohn Pass', 'fitzkovwichd@wp.com', 'Walton', 'Utah');
insert into Stores (StoresID, StoresName, Address, EmailID, City, Region) values (15, 'Karol', '80476 Sloan Point', 'kjuanese@engadget.com', 'Sage', 'Elka');
insert into Stores (StoresID, StoresName, Address, EmailID, City, Region) values (16, 'Emelita', '2332 Troy Way', 'ejessf@sphinn.com', 'Hooker', 'Eastwood');
insert into Stores (StoresID, StoresName, Address, EmailID, City, Region) values (17, 'Kamillah', '061 Atwood Way', 'kgonthardg@shareasale.com', 'Rigney', 'Mallory');
insert into Stores (StoresID, StoresName, Address, EmailID, City, Region) values (18, 'Albie', '11 Marcy Road', 'amaccallumh@elpais.com', 'Loomis', 'Loeprich');
insert into Stores (StoresID, StoresName, Address, EmailID, City, Region) values (19, 'Kiah', '25208 8th Pass', 'kmenguei@apache.org', 'Bashford', 'Cottonwood');
insert into Stores (StoresID, StoresName, Address, EmailID, City, Region) values (20, 'Horatio', '965 Bunker Hill Park', 'hdenzilowj@google.com.hk', 'Clarendon', 'Village');
insert into Stores (StoresID, StoresName, Address, EmailID, City, Region) values (21, 'Edsel', '31001 Randy Hill', 'ejeskek@google.es', 'Monterey', 'Eagle Crest');
insert into Stores (StoresID, StoresName, Address, EmailID, City, Region) values (22, 'Jenny', '5434 Jay Park', 'jstoodersl@friendfeed.com', 'Colorado', 'Bluejay');
insert into Stores (StoresID, StoresName, Address, EmailID, City, Region) values (23, 'Aurlie', '1 Troy Circle', 'awinkm@mail.ru', 'Roxbury', '8th');
insert into Stores (StoresID, StoresName, Address, EmailID, City, Region) values (24, 'Marilin', '23102 Blackbird Terrace', 'mmcadamn@tumblr.com', 'Rockefeller', 'Kings');
insert into Stores (StoresID, StoresName, Address, EmailID, City, Region) values (25, 'Seana', '56 Shoshone Terrace', 'sskellono@washingtonpost.com', 'Fair Oaks', 'Lighthouse Bay');
insert into Stores (StoresID, StoresName, Address, EmailID, City, Region) values (26, 'Marisa', '065 Memorial Trail', 'mgoodsalp@fda.gov', 'Bluejay', 'Steensland');
insert into Stores (StoresID, StoresName, Address, EmailID, City, Region) values (27, 'Bank', '38 Maple Wood Place', 'bgawq@berkeley.edu', 'Veith', 'Sycamore');
insert into Stores (StoresID, StoresName, Address, EmailID, City, Region) values (28, 'Arv', '11 Trailsway Drive', 'asievewrightr@washingtonpost.com', 'Bobwhite', 'Tennyson');
insert into Stores (StoresID, StoresName, Address, EmailID, City, Region) values (29, 'Mercy', '9 Nevada Center', 'mhabrons@bizjournals.com', 'Lakewood', 'Eastwood');
insert into Stores (StoresID, StoresName, Address, EmailID, City, Region) values (30, 'Maribeth', '7660 Chinook Street', 'msimondt@alibaba.com', 'Rockefeller', 'Waywood');
insert into Stores (StoresID, StoresName, Address, EmailID, City, Region) values (31, 'Ozzie', '45278 Johnson Center', 'ojensenu@sciencedaily.com', 'Toban', 'Forest Run');
insert into Stores (StoresID, StoresName, Address, EmailID, City, Region) values (32, 'Rudie', '12 Sheridan Junction', 'rmityashinv@dagondesign.com', 'Hagan', 'Forest');
insert into Stores (StoresID, StoresName, Address, EmailID, City, Region) values (33, 'Gloriana', '5529 Welch Plaza', 'gmottonw@artisteer.com', 'Helena', 'Beilfuss');
insert into Stores (StoresID, StoresName, Address, EmailID, City, Region) values (34, 'Thelma', '9277 Kinsman Place', 'tcrevyx@sfgate.com', 'Sunbrook', 'Hazelcrest');
insert into Stores (StoresID, StoresName, Address, EmailID, City, Region) values (35, 'Tim', '4 Mockingbird Pass', 'tbenittiy@howstuffworks.com', 'Scoville', 'Cordelia');
insert into Stores (StoresID, StoresName, Address, EmailID, City, Region) values (36, 'Morley', '15 Delaware Road', 'mcastelowz@youtu.be', 'Summit', 'Ridge Oak');
insert into Stores (StoresID, StoresName, Address, EmailID, City, Region) values (37, 'Dasie', '80974 Grasskamp Way', 'dprattington10@umn.edu', 'Hoard', 'Talmadge');
insert into Stores (StoresID, StoresName, Address, EmailID, City, Region) values (38, 'Barthel', '1222 5th Road', 'btindley11@marketwatch.com', 'Anthes', 'Killdeer');
insert into Stores (StoresID, StoresName, Address, EmailID, City, Region) values (39, 'Patty', '06 Dexter Avenue', 'pcrutchfield12@tumblr.com', 'Lakeland', 'Northport');
insert into Stores (StoresID, StoresName, Address, EmailID, City, Region) values (40, 'Gusti', '6227 Esker Parkway', 'glambot13@ftc.gov', 'Heffernan', 'Village');
insert into Stores (StoresID, StoresName, Address, EmailID, City, Region) values (41, 'Skipper', '02883 Hanover Junction', 'swebb14@intel.com', 'Anhalt', 'Fallview');
insert into Stores (StoresID, StoresName, Address, EmailID, City, Region) values (42, 'Germayne', '1189 Annamark Point', 'gschoolfield15@tmall.com', 'Pawling', 'Holy Cross');
insert into Stores (StoresID, StoresName, Address, EmailID, City, Region) values (43, 'Addi', '9 Portage Street', 'agrimster16@weibo.com', 'Farwell', 'Doe Crossing');
insert into Stores (StoresID, StoresName, Address, EmailID, City, Region) values (44, 'Sheffield', '48709 Veith Street', 'smarciek17@hud.gov', 'Artisan', 'Mccormick');
insert into Stores (StoresID, StoresName, Address, EmailID, City, Region) values (45, 'Zacharie', '87 Walton Crossing', 'zhawkswood18@noaa.gov', 'Leroy', 'Green Ridge');
insert into Stores (StoresID, StoresName, Address, EmailID, City, Region) values (46, 'Eddy', '23290 Rusk Trail', 'ejermyn19@prlog.org', 'West', 'Moulton');
insert into Stores (StoresID, StoresName, Address, EmailID, City, Region) values (47, 'Jorgan', '4343 Stephen Plaza', 'jmeus1a@fema.gov', 'Starling', 'Emmet');
insert into Stores (StoresID, StoresName, Address, EmailID, City, Region) values (48, 'Daniella', '907 Jackson Street', 'djendrassik1b@hexun.com', 'Nancy', 'Dwight');
insert into Stores (StoresID, StoresName, Address, EmailID, City, Region) values (49, 'Munroe', '9320 Bunting Drive', 'morton1c@deviantart.com', 'Ohio', 'Talisman');
insert into Stores (StoresID, StoresName, Address, EmailID, City, Region) values (50, 'Bowie', '92 Jackson Circle', 'bluxon1d@reverbnation.com', 'Myrtle', 'Forest');
insert into Stores (StoresID, StoresName, Address, EmailID, City, Region) values (51, 'Hilario', '027 Roxbury Drive', 'hodonegan1e@ucsd.edu', 'Drewry', 'Ronald Regan');
insert into Stores (StoresID, StoresName, Address, EmailID, City, Region) values (52, 'Maurene', '7228 High Crossing Trail', 'mholborn1f@va.gov', 'Merchant', 'Arkansas');
insert into Stores (StoresID, StoresName, Address, EmailID, City, Region) values (53, 'Evin', '4 Scoville Street', 'eswinburn1g@discovery.com', 'Bay', 'Heffernan');
insert into Stores (StoresID, StoresName, Address, EmailID, City, Region) values (54, 'Redford', '3720 Huxley Park', 'rbeadman1h@homestead.com', 'Hovde', 'Jackson');
insert into Stores (StoresID, StoresName, Address, EmailID, City, Region) values (55, 'Hayes', '14255 Dapin Circle', 'hbryceson1i@geocities.jp', 'Fulton', 'Heffernan');
insert into Stores (StoresID, StoresName, Address, EmailID, City, Region) values (56, 'Bail', '43 Holy Cross Trail', 'bdaniau1j@sfgate.com', 'Onsgard', 'Hermina');
insert into Stores (StoresID, StoresName, Address, EmailID, City, Region) values (57, 'Gaylene', '4232 Dwight Trail', 'gmaccafferky1k@squidoo.com', 'Sachtjen', 'Melby');
insert into Stores (StoresID, StoresName, Address, EmailID, City, Region) values (58, 'Ripley', '26088 Mifflin Terrace', 'rtetsall1l@usnews.com', 'Sheridan', 'Division');
insert into Stores (StoresID, StoresName, Address, EmailID, City, Region) values (59, 'Keefe', '8654 Thompson Court', 'kbewley1m@ehow.com', 'Moulton', 'Clyde Gallagher');
insert into Stores (StoresID, StoresName, Address, EmailID, City, Region) values (60, 'Agnese', '168 Larry Junction', 'awilletts1n@paypal.com', 'Monica', 'Lakewood');
insert into Stores (StoresID, StoresName, Address, EmailID, City, Region) values (61, 'Georgianna', '28964 Logan Way', 'gpulsford1o@scientificamerican.com', 'Heffernan', 'Randy');
insert into Stores (StoresID, StoresName, Address, EmailID, City, Region) values (62, 'Joanie', '6880 Pepper Wood Parkway', 'jreichartz1p@feedburner.com', 'Montana', 'Swallow');
insert into Stores (StoresID, StoresName, Address, EmailID, City, Region) values (63, 'Roxane', '7362 Loomis Center', 'rforman1q@xrea.com', 'Katie', 'Northwestern');
insert into Stores (StoresID, StoresName, Address, EmailID, City, Region) values (64, 'Abeu', '275 Elgar Alley', 'aagass1r@myspace.com', 'Artisan', 'Mallory');
insert into Stores (StoresID, StoresName, Address, EmailID, City, Region) values (65, 'Corabelle', '02 Derek Court', 'crodliff1s@npr.org', 'Kinsman', 'Sundown');
insert into Stores (StoresID, StoresName, Address, EmailID, City, Region) values (66, 'Corbet', '6407 Oakridge Junction', 'csully1t@virginia.edu', 'Glendale', 'Mcguire');
insert into Stores (StoresID, StoresName, Address, EmailID, City, Region) values (67, 'Cameron', '30976 Northland Trail', 'cbecks1u@cargocollective.com', 'Montana', 'Barnett');
insert into Stores (StoresID, StoresName, Address, EmailID, City, Region) values (68, 'Thia', '4677 Sachs Parkway', 'tpiddlesden1v@g.co', 'Center', 'Mallard');
insert into Stores (StoresID, StoresName, Address, EmailID, City, Region) values (69, 'Wilie', '9 Mitchell Plaza', 'wbraxton1w@dot.gov', 'Reinke', 'Boyd');
insert into Stores (StoresID, StoresName, Address, EmailID, City, Region) values (70, 'Oates', '43 Old Gate Circle', 'obossingham1x@cdbaby.com', 'Scott', 'Weeping Birch');
insert into Stores (StoresID, StoresName, Address, EmailID, City, Region) values (71, 'Colette', '74 Jackson Road', 'cfolini1y@last.fm', 'Memorial', 'Ohio');
insert into Stores (StoresID, StoresName, Address, EmailID, City, Region) values (72, 'Dulcinea', '0482 Dahle Pass', 'dgurling1z@tripadvisor.com', 'Leroy', 'Southridge');
insert into Stores (StoresID, StoresName, Address, EmailID, City, Region) values (73, 'Emmey', '9 Hoepker Hill', 'emaccaughan20@miibeian.gov.cn', 'Warrior', 'Oneill');
insert into Stores (StoresID, StoresName, Address, EmailID, City, Region) values (74, 'Otto', '44955 Morningstar Way', 'ooffener21@altervista.org', 'Nevada', 'Oriole');
insert into Stores (StoresID, StoresName, Address, EmailID, City, Region) values (75, 'Isacco', '5194 Bluestem Point', 'ibaudinot22@squarespace.com', 'Holmberg', 'Kropf');
insert into Stores (StoresID, StoresName, Address, EmailID, City, Region) values (76, 'Kendre', '110 Anderson Avenue', 'kburgis23@seesaa.net', 'Eliot', 'Loftsgordon');
insert into Stores (StoresID, StoresName, Address, EmailID, City, Region) values (77, 'Lay', '2 Arapahoe Point', 'lterrett24@slideshare.net', 'Dakota', 'Mandrake');
insert into Stores (StoresID, StoresName, Address, EmailID, City, Region) values (78, 'Marcos', '35563 Anzinger Center', 'msicily25@studiopress.com', 'Steensland', 'Fieldstone');
insert into Stores (StoresID, StoresName, Address, EmailID, City, Region) values (79, 'Gerti', '247 Maple Trail', 'ggockeler26@etsy.com', 'Kennedy', 'Fallview');
insert into Stores (StoresID, StoresName, Address, EmailID, City, Region) values (80, 'Rakel', '00 Declaration Center', 'radenet27@desdev.cn', 'Kinsman', 'Dawn');
insert into Stores (StoresID, StoresName, Address, EmailID, City, Region) values (81, 'Alley', '244 Golden Leaf Street', 'akoene28@google.cn', 'Waubesa', 'Morrow');
insert into Stores (StoresID, StoresName, Address, EmailID, City, Region) values (82, 'Tobit', '56 Sunnyside Pass', 'twallington29@eventbrite.com', 'Lakewood', 'Di Loreto');
insert into Stores (StoresID, StoresName, Address, EmailID, City, Region) values (83, 'Ade', '048 Heath Park', 'aczaja2a@exblog.jp', 'Shasta', 'Ridgeview');
insert into Stores (StoresID, StoresName, Address, EmailID, City, Region) values (84, 'Tybalt', '0 Leroy Trail', 'tcotilard2b@usgs.gov', 'Northview', 'School');
insert into Stores (StoresID, StoresName, Address, EmailID, City, Region) values (85, 'Guthrey', '38 Ilene Parkway', 'gburgoin2c@hexun.com', 'Nevada', 'Surrey');
insert into Stores (StoresID, StoresName, Address, EmailID, City, Region) values (86, 'Everard', '39 Brentwood Lane', 'ebaudrey2d@tmall.com', 'Linden', 'Hovde');
insert into Stores (StoresID, StoresName, Address, EmailID, City, Region) values (87, 'Massimo', '535 Shasta Way', 'msegge2e@sakura.ne.jp', 'Lotheville', 'Lunder');
insert into Stores (StoresID, StoresName, Address, EmailID, City, Region) values (88, 'Olympia', '75 Dayton Junction', 'omott2f@google.cn', 'Swallow', 'Butterfield');
insert into Stores (StoresID, StoresName, Address, EmailID, City, Region) values (89, 'Kitti', '3 Tony Street', 'kyexley2g@nba.com', 'Miller', 'Linden');
insert into Stores (StoresID, StoresName, Address, EmailID, City, Region) values (90, 'Benedicto', '44990 Main Place', 'bbettenay2h@cbc.ca', 'Melrose', 'Shasta');
insert into Stores (StoresID, StoresName, Address, EmailID, City, Region) values (91, 'Catharine', '97 Hauk Way', 'crumsey2i@webeden.co.uk', 'Katie', 'Marquette');
insert into Stores (StoresID, StoresName, Address, EmailID, City, Region) values (92, 'Meara', '409 Trailsway Road', 'mbushnell2j@discuz.net', 'Meadow Ridge', 'Wayridge');
insert into Stores (StoresID, StoresName, Address, EmailID, City, Region) values (93, 'Blake', '97009 Judy Lane', 'bsturte2k@walmart.com', 'Northview', 'Leroy');
insert into Stores (StoresID, StoresName, Address, EmailID, City, Region) values (94, 'Napoleon', '172 Eastlawn Park', 'nrobard2l@goo.ne.jp', 'Ridge Oak', 'Pankratz');
insert into Stores (StoresID, StoresName, Address, EmailID, City, Region) values (95, 'Corri', '41724 Golf Road', 'cgotliffe2m@twitter.com', 'Pierstorff', 'Thackeray');
insert into Stores (StoresID, StoresName, Address, EmailID, City, Region) values (96, 'Rahal', '1 Magdeline Avenue', 'ramphlett2n@google.co.uk', 'Merchant', 'Superior');
insert into Stores (StoresID, StoresName, Address, EmailID, City, Region) values (97, 'Dall', '08 Lyons Crossing', 'dkowalski2o@scientificamerican.com', 'Monica', 'Homewood');
insert into Stores (StoresID, StoresName, Address, EmailID, City, Region) values (98, 'Valerie', '05860 4th Court', 'vbensen2p@google.it', '2nd', 'Old Shore');
insert into Stores (StoresID, StoresName, Address, EmailID, City, Region) values (99, 'Lurette', '88 Lakewood Gardens Parkway', 'lwint2q@accuweather.com', 'Larry', 'Graedel');
insert into Stores (StoresID, StoresName, Address, EmailID, City, Region) values (100, 'Haywood', '1 Delaware Court', 'hdavey2r@cbsnews.com', 'Acker', 'Almo');


create table Transaction (
	TransactionID INT,
	BillNumber INT,
	TransactionDate DATE,
	TransactionTime VARCHAR(50),
	TransactionType VARCHAR(50),
    primary key (`TransactionID`),
    KEY `FK_BillNumber` (`BillNumber`),
    CONSTRAINT `FK_BillNumber` FOREIGN KEY (`BillNumber`) REFERENCES `Bill` (`BillNumber`) ON DELETE RESTRICT ON UPDATE CASCADE
);
insert into Transaction (TransactionID, BillNumber, TransactionDate, TransactionTime, TransactionType) values (1, 1, '2022-09-25', '3:34 PM', 'Everard');
insert into Transaction (TransactionID, BillNumber, TransactionDate, TransactionTime, TransactionType) values (2, 2, '2023-01-25', '1:49 AM', 'Athena');
insert into Transaction (TransactionID, BillNumber, TransactionDate, TransactionTime, TransactionType) values (3, 3, '2023-01-21', '6:19 PM', 'Tadeas');
insert into Transaction (TransactionID, BillNumber, TransactionDate, TransactionTime, TransactionType) values (4, 4, '2023-01-04', '8:07 PM', 'Quintana');
insert into Transaction (TransactionID, BillNumber, TransactionDate, TransactionTime, TransactionType) values (5, 5, '2022-10-21', '7:03 AM', 'Milicent');
insert into Transaction (TransactionID, BillNumber, TransactionDate, TransactionTime, TransactionType) values (6, 6, '2022-03-07', '5:38 PM', 'Webster');
insert into Transaction (TransactionID, BillNumber, TransactionDate, TransactionTime, TransactionType) values (7, 7, '2022-05-09', '5:17 PM', 'Malchy');
insert into Transaction (TransactionID, BillNumber, TransactionDate, TransactionTime, TransactionType) values (8, 8, '2023-01-04', '7:07 PM', 'Marion');
insert into Transaction (TransactionID, BillNumber, TransactionDate, TransactionTime, TransactionType) values (9, 9, '2022-09-02', '8:19 AM', 'Chlo');
insert into Transaction (TransactionID, BillNumber, TransactionDate, TransactionTime, TransactionType) values (10, 10, '2022-12-31', '5:33 AM', 'Solomon');
insert into Transaction (TransactionID, BillNumber, TransactionDate, TransactionTime, TransactionType) values (11, 11, '2022-08-10', '10:45 PM', 'Cordie');
insert into Transaction (TransactionID, BillNumber, TransactionDate, TransactionTime, TransactionType) values (12, 12, '2022-03-09', '6:43 AM', 'Lorelei');
insert into Transaction (TransactionID, BillNumber, TransactionDate, TransactionTime, TransactionType) values (13, 13, '2023-01-05', '11:47 AM', 'Tam');
insert into Transaction (TransactionID, BillNumber, TransactionDate, TransactionTime, TransactionType) values (14, 14, '2022-12-26', '4:18 AM', 'Mathilda');
insert into Transaction (TransactionID, BillNumber, TransactionDate, TransactionTime, TransactionType) values (15, 15, '2022-11-17', '6:04 PM', 'Anna-diana');
insert into Transaction (TransactionID, BillNumber, TransactionDate, TransactionTime, TransactionType) values (16, 16, '2022-04-15', '9:29 AM', 'Olga');
insert into Transaction (TransactionID, BillNumber, TransactionDate, TransactionTime, TransactionType) values (17, 17, '2022-03-10', '4:37 AM', 'Curt');
insert into Transaction (TransactionID, BillNumber, TransactionDate, TransactionTime, TransactionType) values (18, 18, '2022-03-15', '12:24 AM', 'Isabelle');
insert into Transaction (TransactionID, BillNumber, TransactionDate, TransactionTime, TransactionType) values (19, 19, '2022-04-01', '8:51 PM', 'Revkah');
insert into Transaction (TransactionID, BillNumber, TransactionDate, TransactionTime, TransactionType) values (20, 20, '2022-03-12', '11:16 AM', 'Cherilynn');
insert into Transaction (TransactionID, BillNumber, TransactionDate, TransactionTime, TransactionType) values (21, 21, '2022-07-22', '1:37 AM', 'Imogen');
insert into Transaction (TransactionID, BillNumber, TransactionDate, TransactionTime, TransactionType) values (22, 22, '2023-01-15', '9:43 PM', 'Alano');
insert into Transaction (TransactionID, BillNumber, TransactionDate, TransactionTime, TransactionType) values (23, 23, '2022-02-10', '4:33 AM', 'Sunny');
insert into Transaction (TransactionID, BillNumber, TransactionDate, TransactionTime, TransactionType) values (24, 24, '2022-06-14', '6:16 PM', 'Clovis');
insert into Transaction (TransactionID, BillNumber, TransactionDate, TransactionTime, TransactionType) values (25, 25, '2022-09-18', '6:42 AM', 'Gabrila');
insert into Transaction (TransactionID, BillNumber, TransactionDate, TransactionTime, TransactionType) values (26, 26, '2022-02-19', '4:17 AM', 'Jaynell');
insert into Transaction (TransactionID, BillNumber, TransactionDate, TransactionTime, TransactionType) values (27, 27, '2023-02-03', '10:44 PM', 'Toddie');
insert into Transaction (TransactionID, BillNumber, TransactionDate, TransactionTime, TransactionType) values (28, 28, '2022-05-01', '10:48 AM', 'Tommie');
insert into Transaction (TransactionID, BillNumber, TransactionDate, TransactionTime, TransactionType) values (29, 29, '2022-09-15', '6:02 AM', 'Sharline');
insert into Transaction (TransactionID, BillNumber, TransactionDate, TransactionTime, TransactionType) values (30, 30, '2022-06-06', '7:27 AM', 'Lawry');
insert into Transaction (TransactionID, BillNumber, TransactionDate, TransactionTime, TransactionType) values (31, 31, '2023-01-22', '12:58 PM', 'Brigitta');
insert into Transaction (TransactionID, BillNumber, TransactionDate, TransactionTime, TransactionType) values (32, 32, '2022-04-10', '8:07 AM', 'Waylan');
insert into Transaction (TransactionID, BillNumber, TransactionDate, TransactionTime, TransactionType) values (33, 33, '2022-03-16', '9:53 AM', 'Paul');
insert into Transaction (TransactionID, BillNumber, TransactionDate, TransactionTime, TransactionType) values (34, 34, '2023-01-01', '12:00 PM', 'Alina');
insert into Transaction (TransactionID, BillNumber, TransactionDate, TransactionTime, TransactionType) values (35, 35, '2022-09-22', '4:56 AM', 'Emelia');
insert into Transaction (TransactionID, BillNumber, TransactionDate, TransactionTime, TransactionType) values (36, 36, '2022-09-03', '1:12 PM', 'Franny');
insert into Transaction (TransactionID, BillNumber, TransactionDate, TransactionTime, TransactionType) values (37, 37, '2022-05-05', '6:39 PM', 'Rosmunda');
insert into Transaction (TransactionID, BillNumber, TransactionDate, TransactionTime, TransactionType) values (38, 38, '2022-10-31', '6:12 PM', 'Trixi');
insert into Transaction (TransactionID, BillNumber, TransactionDate, TransactionTime, TransactionType) values (39, 39, '2022-09-29', '8:31 AM', 'Inger');
insert into Transaction (TransactionID, BillNumber, TransactionDate, TransactionTime, TransactionType) values (40, 40, '2023-02-08', '7:04 AM', 'Talbert');
insert into Transaction (TransactionID, BillNumber, TransactionDate, TransactionTime, TransactionType) values (41, 41, '2022-12-12', '1:41 AM', 'Bradly');
insert into Transaction (TransactionID, BillNumber, TransactionDate, TransactionTime, TransactionType) values (42, 42, '2022-10-26', '4:44 AM', 'Rosemarie');
insert into Transaction (TransactionID, BillNumber, TransactionDate, TransactionTime, TransactionType) values (43, 43, '2022-08-15', '8:55 PM', 'Myrtice');
insert into Transaction (TransactionID, BillNumber, TransactionDate, TransactionTime, TransactionType) values (44, 44, '2022-06-05', '5:41 AM', 'Hernando');
insert into Transaction (TransactionID, BillNumber, TransactionDate, TransactionTime, TransactionType) values (45, 45, '2022-10-13', '11:53 PM', 'Harold');
insert into Transaction (TransactionID, BillNumber, TransactionDate, TransactionTime, TransactionType) values (46, 46, '2022-08-20', '8:59 PM', 'Jolee');
insert into Transaction (TransactionID, BillNumber, TransactionDate, TransactionTime, TransactionType) values (47, 47, '2023-01-01', '2:46 PM', 'Homerus');
insert into Transaction (TransactionID, BillNumber, TransactionDate, TransactionTime, TransactionType) values (48, 48, '2022-09-27', '7:48 AM', 'Anitra');
insert into Transaction (TransactionID, BillNumber, TransactionDate, TransactionTime, TransactionType) values (49, 49, '2023-01-02', '1:01 AM', 'Gregor');
insert into Transaction (TransactionID, BillNumber, TransactionDate, TransactionTime, TransactionType) values (50, 50, '2022-10-18', '11:02 PM', 'Cicily');
insert into Transaction (TransactionID, BillNumber, TransactionDate, TransactionTime, TransactionType) values (51, 51, '2022-03-28', '1:56 AM', 'Farand');
insert into Transaction (TransactionID, BillNumber, TransactionDate, TransactionTime, TransactionType) values (52, 52, '2022-10-17', '2:23 AM', 'Derron');
insert into Transaction (TransactionID, BillNumber, TransactionDate, TransactionTime, TransactionType) values (53, 53, '2022-08-17', '11:33 AM', 'Sarajane');
insert into Transaction (TransactionID, BillNumber, TransactionDate, TransactionTime, TransactionType) values (54, 54, '2022-10-11', '2:02 AM', 'Pooh');
insert into Transaction (TransactionID, BillNumber, TransactionDate, TransactionTime, TransactionType) values (55, 55, '2022-12-20', '11:21 PM', 'Samson');
insert into Transaction (TransactionID, BillNumber, TransactionDate, TransactionTime, TransactionType) values (56, 56, '2023-01-06', '9:41 PM', 'Consalve');
insert into Transaction (TransactionID, BillNumber, TransactionDate, TransactionTime, TransactionType) values (57, 57, '2022-07-28', '4:27 PM', 'Rodger');
insert into Transaction (TransactionID, BillNumber, TransactionDate, TransactionTime, TransactionType) values (58, 58, '2023-01-13', '4:46 PM', 'Tod');
insert into Transaction (TransactionID, BillNumber, TransactionDate, TransactionTime, TransactionType) values (59, 59, '2023-01-22', '4:48 PM', 'Garrott');
insert into Transaction (TransactionID, BillNumber, TransactionDate, TransactionTime, TransactionType) values (60, 60, '2022-10-19', '2:15 AM', 'Park');
insert into Transaction (TransactionID, BillNumber, TransactionDate, TransactionTime, TransactionType) values (61, 61, '2022-12-27', '10:37 AM', 'Adelle');
insert into Transaction (TransactionID, BillNumber, TransactionDate, TransactionTime, TransactionType) values (62, 62, '2022-07-10', '9:01 PM', 'Lauren');
insert into Transaction (TransactionID, BillNumber, TransactionDate, TransactionTime, TransactionType) values (63, 63, '2023-02-06', '2:26 PM', 'Hyacinthie');
insert into Transaction (TransactionID, BillNumber, TransactionDate, TransactionTime, TransactionType) values (64, 64, '2022-06-08', '3:36 AM', 'Casi');
insert into Transaction (TransactionID, BillNumber, TransactionDate, TransactionTime, TransactionType) values (65, 65, '2022-12-08', '6:15 AM', 'Jud');
insert into Transaction (TransactionID, BillNumber, TransactionDate, TransactionTime, TransactionType) values (66, 66, '2022-12-06', '11:18 PM', 'Nadia');
insert into Transaction (TransactionID, BillNumber, TransactionDate, TransactionTime, TransactionType) values (67, 67, '2022-06-12', '11:18 PM', 'Giselle');
insert into Transaction (TransactionID, BillNumber, TransactionDate, TransactionTime, TransactionType) values (68, 68, '2022-06-03', '1:11 PM', 'Dudley');
insert into Transaction (TransactionID, BillNumber, TransactionDate, TransactionTime, TransactionType) values (69, 69, '2022-08-06', '4:47 PM', 'Alastair');
insert into Transaction (TransactionID, BillNumber, TransactionDate, TransactionTime, TransactionType) values (70, 70, '2023-01-01', '5:09 PM', 'Bruno');
insert into Transaction (TransactionID, BillNumber, TransactionDate, TransactionTime, TransactionType) values (71, 71, '2023-01-08', '3:48 PM', 'Georas');
insert into Transaction (TransactionID, BillNumber, TransactionDate, TransactionTime, TransactionType) values (72, 72, '2022-12-24', '3:53 AM', 'Lexine');
insert into Transaction (TransactionID, BillNumber, TransactionDate, TransactionTime, TransactionType) values (73, 73, '2022-07-13', '3:22 PM', 'Floyd');
insert into Transaction (TransactionID, BillNumber, TransactionDate, TransactionTime, TransactionType) values (74, 74, '2022-07-16', '4:03 PM', 'Chuck');
insert into Transaction (TransactionID, BillNumber, TransactionDate, TransactionTime, TransactionType) values (75, 75, '2022-08-12', '1:44 PM', 'Paola');
insert into Transaction (TransactionID, BillNumber, TransactionDate, TransactionTime, TransactionType) values (76, 76, '2022-10-15', '8:44 AM', 'Lorine');
insert into Transaction (TransactionID, BillNumber, TransactionDate, TransactionTime, TransactionType) values (77, 77, '2022-06-07', '9:32 AM', 'Alexis');
insert into Transaction (TransactionID, BillNumber, TransactionDate, TransactionTime, TransactionType) values (78, 78, '2022-10-08', '1:51 PM', 'Jobina');
insert into Transaction (TransactionID, BillNumber, TransactionDate, TransactionTime, TransactionType) values (79, 79, '2022-12-21', '10:42 AM', 'Christalle');
insert into Transaction (TransactionID, BillNumber, TransactionDate, TransactionTime, TransactionType) values (80, 80, '2022-06-28', '3:58 PM', 'Janene');
insert into Transaction (TransactionID, BillNumber, TransactionDate, TransactionTime, TransactionType) values (81, 81, '2022-05-07', '1:37 PM', 'Marlo');
insert into Transaction (TransactionID, BillNumber, TransactionDate, TransactionTime, TransactionType) values (82, 82, '2022-05-11', '2:43 PM', 'Brigham');
insert into Transaction (TransactionID, BillNumber, TransactionDate, TransactionTime, TransactionType) values (83, 83, '2022-11-02', '8:22 PM', 'Terra');
insert into Transaction (TransactionID, BillNumber, TransactionDate, TransactionTime, TransactionType) values (84, 84, '2022-12-31', '1:47 PM', 'Charlton');
insert into Transaction (TransactionID, BillNumber, TransactionDate, TransactionTime, TransactionType) values (85, 85, '2022-05-23', '5:45 PM', 'Putnem');
insert into Transaction (TransactionID, BillNumber, TransactionDate, TransactionTime, TransactionType) values (86, 86, '2022-08-30', '4:06 AM', 'Myrta');
insert into Transaction (TransactionID, BillNumber, TransactionDate, TransactionTime, TransactionType) values (87, 87, '2022-03-02', '4:59 AM', 'Ketty');
insert into Transaction (TransactionID, BillNumber, TransactionDate, TransactionTime, TransactionType) values (88, 88, '2022-03-19', '11:05 PM', 'Ken');
insert into Transaction (TransactionID, BillNumber, TransactionDate, TransactionTime, TransactionType) values (89, 89, '2023-01-11', '9:54 AM', 'Gris');
insert into Transaction (TransactionID, BillNumber, TransactionDate, TransactionTime, TransactionType) values (90, 90, '2022-11-07', '7:33 AM', 'Ladonna');
insert into Transaction (TransactionID, BillNumber, TransactionDate, TransactionTime, TransactionType) values (91, 91, '2022-09-24', '8:11 PM', 'Leandra');
insert into Transaction (TransactionID, BillNumber, TransactionDate, TransactionTime, TransactionType) values (92, 92, '2022-10-08', '3:04 PM', 'Marius');
insert into Transaction (TransactionID, BillNumber, TransactionDate, TransactionTime, TransactionType) values (93, 93, '2022-05-14', '1:43 AM', 'Chlo');
insert into Transaction (TransactionID, BillNumber, TransactionDate, TransactionTime, TransactionType) values (94, 94, '2023-02-02', '5:05 AM', 'Alexa');
insert into Transaction (TransactionID, BillNumber, TransactionDate, TransactionTime, TransactionType) values (95, 95, '2022-03-09', '2:03 AM', 'Shaylyn');
insert into Transaction (TransactionID, BillNumber, TransactionDate, TransactionTime, TransactionType) values (96, 96, '2022-06-07', '2:18 AM', 'Auguste');
insert into Transaction (TransactionID, BillNumber, TransactionDate, TransactionTime, TransactionType) values (97, 97, '2022-09-23', '11:32 AM', 'Derry');
insert into Transaction (TransactionID, BillNumber, TransactionDate, TransactionTime, TransactionType) values (98, 98, '2022-06-15', '11:34 PM', 'Gaven');
insert into Transaction (TransactionID, BillNumber, TransactionDate, TransactionTime, TransactionType) values (99, 99, '2022-10-29', '4:38 PM', 'Kip');
insert into Transaction (TransactionID, BillNumber, TransactionDate, TransactionTime, TransactionType) values (100, 100, '2022-07-08', '11:42 AM', 'Ophelia');


create table Cart (
	CartID INT,
	CartStatus VARCHAR(50),
	ProductQty INT,
	BillNumber INT,
    primary key (`CartID`),
    KEY `FRK_BillNumber` (`BillNumber`),
    CONSTRAINT `FRK_BillNumber` FOREIGN KEY (`BillNumber`) REFERENCES `Bill` (`BillNumber`) ON DELETE RESTRICT ON UPDATE CASCADE
);
insert into Cart (CartID, CartStatus, ProductQty, BillNumber) values (1, 'Gan', 26, 1);
insert into Cart (CartID, CartStatus, ProductQty, BillNumber) values (2, 'Levi', 80, 2);
insert into Cart (CartID, CartStatus, ProductQty, BillNumber) values (3, 'Perri', 70, 3);
insert into Cart (CartID, CartStatus, ProductQty, BillNumber) values (4, 'Darlleen', 46, 4);
insert into Cart (CartID, CartStatus, ProductQty, BillNumber) values (5, 'Ofella', 78, 5);
insert into Cart (CartID, CartStatus, ProductQty, BillNumber) values (6, 'Rebekkah', 84, 6);
insert into Cart (CartID, CartStatus, ProductQty, BillNumber) values (7, 'Ezri', 90, 7);
insert into Cart (CartID, CartStatus, ProductQty, BillNumber) values (8, 'Gearalt', 80, 8);
insert into Cart (CartID, CartStatus, ProductQty, BillNumber) values (9, 'Myca', 53, 9);
insert into Cart (CartID, CartStatus, ProductQty, BillNumber) values (10, 'Nert', 34, 10);
insert into Cart (CartID, CartStatus, ProductQty, BillNumber) values (11, 'Leisha', 4, 11);
insert into Cart (CartID, CartStatus, ProductQty, BillNumber) values (12, 'Uta', 25, 12);
insert into Cart (CartID, CartStatus, ProductQty, BillNumber) values (13, 'Rob', 10, 13);
insert into Cart (CartID, CartStatus, ProductQty, BillNumber) values (14, 'Duncan', 20, 14);
insert into Cart (CartID, CartStatus, ProductQty, BillNumber) values (15, 'Genni', 30, 15);
insert into Cart (CartID, CartStatus, ProductQty, BillNumber) values (16, 'Hally', 68, 16);
insert into Cart (CartID, CartStatus, ProductQty, BillNumber) values (17, 'Petra', 11, 17);
insert into Cart (CartID, CartStatus, ProductQty, BillNumber) values (18, 'Christy', 22, 18);
insert into Cart (CartID, CartStatus, ProductQty, BillNumber) values (19, 'Royall', 66, 19);
insert into Cart (CartID, CartStatus, ProductQty, BillNumber) values (20, 'Cacilia', 39, 20);
insert into Cart (CartID, CartStatus, ProductQty, BillNumber) values (21, 'Farr', 83, 21);
insert into Cart (CartID, CartStatus, ProductQty, BillNumber) values (22, 'Sanford', 22, 22);
insert into Cart (CartID, CartStatus, ProductQty, BillNumber) values (23, 'Colleen', 6, 23);
insert into Cart (CartID, CartStatus, ProductQty, BillNumber) values (24, 'Ina', 29, 24);
insert into Cart (CartID, CartStatus, ProductQty, BillNumber) values (25, 'Karalee', 88, 25);
insert into Cart (CartID, CartStatus, ProductQty, BillNumber) values (26, 'Mikkel', 53, 26);
insert into Cart (CartID, CartStatus, ProductQty, BillNumber) values (27, 'Base', 10, 27);
insert into Cart (CartID, CartStatus, ProductQty, BillNumber) values (28, 'Allyson', 13, 28);
insert into Cart (CartID, CartStatus, ProductQty, BillNumber) values (29, 'Wally', 29, 29);
insert into Cart (CartID, CartStatus, ProductQty, BillNumber) values (30, 'Gavrielle', 94, 30);
insert into Cart (CartID, CartStatus, ProductQty, BillNumber) values (31, 'Mallory', 35, 31);
insert into Cart (CartID, CartStatus, ProductQty, BillNumber) values (32, 'Tomkin', 51, 32);
insert into Cart (CartID, CartStatus, ProductQty, BillNumber) values (33, 'Alonzo', 93, 33);
insert into Cart (CartID, CartStatus, ProductQty, BillNumber) values (34, 'Fraser', 26, 34);
insert into Cart (CartID, CartStatus, ProductQty, BillNumber) values (35, 'Kathie', 39, 35);
insert into Cart (CartID, CartStatus, ProductQty, BillNumber) values (36, 'Ilene', 80, 36);
insert into Cart (CartID, CartStatus, ProductQty, BillNumber) values (37, 'Ailey', 36, 37);
insert into Cart (CartID, CartStatus, ProductQty, BillNumber) values (38, 'Vale', 68, 38);
insert into Cart (CartID, CartStatus, ProductQty, BillNumber) values (39, 'Dolph', 55, 39);
insert into Cart (CartID, CartStatus, ProductQty, BillNumber) values (40, 'Emera', 7, 40);
insert into Cart (CartID, CartStatus, ProductQty, BillNumber) values (41, 'Tarra', 75, 41);
insert into Cart (CartID, CartStatus, ProductQty, BillNumber) values (42, 'Den', 3, 42);
insert into Cart (CartID, CartStatus, ProductQty, BillNumber) values (43, 'Philip', 89, 43);
insert into Cart (CartID, CartStatus, ProductQty, BillNumber) values (44, 'Sashenka', 80, 44);
insert into Cart (CartID, CartStatus, ProductQty, BillNumber) values (45, 'Guy', 97, 45);
insert into Cart (CartID, CartStatus, ProductQty, BillNumber) values (46, 'Mortie', 92, 46);
insert into Cart (CartID, CartStatus, ProductQty, BillNumber) values (47, 'Duane', 58, 47);
insert into Cart (CartID, CartStatus, ProductQty, BillNumber) values (48, 'Nicolle', 28, 48);
insert into Cart (CartID, CartStatus, ProductQty, BillNumber) values (49, 'Lorraine', 97, 49);
insert into Cart (CartID, CartStatus, ProductQty, BillNumber) values (50, 'Jodie', 84, 50);
insert into Cart (CartID, CartStatus, ProductQty, BillNumber) values (51, 'Heath', 3, 51);
insert into Cart (CartID, CartStatus, ProductQty, BillNumber) values (52, 'Mandy', 12, 52);
insert into Cart (CartID, CartStatus, ProductQty, BillNumber) values (53, 'Jeanine', 65, 53);
insert into Cart (CartID, CartStatus, ProductQty, BillNumber) values (54, 'Raleigh', 33, 54);
insert into Cart (CartID, CartStatus, ProductQty, BillNumber) values (55, 'Mavra', 31, 55);
insert into Cart (CartID, CartStatus, ProductQty, BillNumber) values (56, 'Adolph', 64, 56);
insert into Cart (CartID, CartStatus, ProductQty, BillNumber) values (57, 'Curtis', 32, 57);
insert into Cart (CartID, CartStatus, ProductQty, BillNumber) values (58, 'Benjie', 86, 58);
insert into Cart (CartID, CartStatus, ProductQty, BillNumber) values (59, 'Cleon', 32, 59);
insert into Cart (CartID, CartStatus, ProductQty, BillNumber) values (60, 'Ermengarde', 13, 60);
insert into Cart (CartID, CartStatus, ProductQty, BillNumber) values (61, 'Jozef', 56, 61);
insert into Cart (CartID, CartStatus, ProductQty, BillNumber) values (62, 'Jamesy', 45, 62);
insert into Cart (CartID, CartStatus, ProductQty, BillNumber) values (63, 'Loren', 49, 63);
insert into Cart (CartID, CartStatus, ProductQty, BillNumber) values (64, 'Christean', 51, 64);
insert into Cart (CartID, CartStatus, ProductQty, BillNumber) values (65, 'Marysa', 44, 65);
insert into Cart (CartID, CartStatus, ProductQty, BillNumber) values (66, 'Jessie', 4, 66);
insert into Cart (CartID, CartStatus, ProductQty, BillNumber) values (67, 'Norine', 58, 67);
insert into Cart (CartID, CartStatus, ProductQty, BillNumber) values (68, 'Norry', 51, 68);
insert into Cart (CartID, CartStatus, ProductQty, BillNumber) values (69, 'Agosto', 85, 69);
insert into Cart (CartID, CartStatus, ProductQty, BillNumber) values (70, 'Sara-ann', 55, 70);
insert into Cart (CartID, CartStatus, ProductQty, BillNumber) values (71, 'Bernadene', 22, 71);
insert into Cart (CartID, CartStatus, ProductQty, BillNumber) values (72, 'Karlyn', 32, 72);
insert into Cart (CartID, CartStatus, ProductQty, BillNumber) values (73, 'Vernen', 62, 73);
insert into Cart (CartID, CartStatus, ProductQty, BillNumber) values (74, 'Crystie', 84, 74);
insert into Cart (CartID, CartStatus, ProductQty, BillNumber) values (75, 'Jud', 37, 75);
insert into Cart (CartID, CartStatus, ProductQty, BillNumber) values (76, 'Corene', 89, 76);
insert into Cart (CartID, CartStatus, ProductQty, BillNumber) values (77, 'Corabel', 42, 77);
insert into Cart (CartID, CartStatus, ProductQty, BillNumber) values (78, 'Jarrod', 69, 78);
insert into Cart (CartID, CartStatus, ProductQty, BillNumber) values (79, 'Vonny', 82, 79);
insert into Cart (CartID, CartStatus, ProductQty, BillNumber) values (80, 'Tremayne', 61, 80);
insert into Cart (CartID, CartStatus, ProductQty, BillNumber) values (81, 'Dasha', 48, 81);
insert into Cart (CartID, CartStatus, ProductQty, BillNumber) values (82, 'Dore', 3, 82);
insert into Cart (CartID, CartStatus, ProductQty, BillNumber) values (83, 'Bennie', 68, 83);
insert into Cart (CartID, CartStatus, ProductQty, BillNumber) values (84, 'Piper', 87, 84);
insert into Cart (CartID, CartStatus, ProductQty, BillNumber) values (85, 'Vanny', 26, 85);
insert into Cart (CartID, CartStatus, ProductQty, BillNumber) values (86, 'Revkah', 35, 86);
insert into Cart (CartID, CartStatus, ProductQty, BillNumber) values (87, 'Shayne', 84, 87);
insert into Cart (CartID, CartStatus, ProductQty, BillNumber) values (88, 'Elia', 35, 88);
insert into Cart (CartID, CartStatus, ProductQty, BillNumber) values (89, 'Gaby', 45, 89);
insert into Cart (CartID, CartStatus, ProductQty, BillNumber) values (90, 'Ossie', 100, 90);
insert into Cart (CartID, CartStatus, ProductQty, BillNumber) values (91, 'Josselyn', 56, 91);
insert into Cart (CartID, CartStatus, ProductQty, BillNumber) values (92, 'Torrie', 57, 92);
insert into Cart (CartID, CartStatus, ProductQty, BillNumber) values (93, 'Kass', 56, 93);
insert into Cart (CartID, CartStatus, ProductQty, BillNumber) values (94, 'Sydney', 99, 94);
insert into Cart (CartID, CartStatus, ProductQty, BillNumber) values (95, 'Red', 29, 95);
insert into Cart (CartID, CartStatus, ProductQty, BillNumber) values (96, 'Gillie', 82, 96);
insert into Cart (CartID, CartStatus, ProductQty, BillNumber) values (97, 'Rickey', 62, 97);
insert into Cart (CartID, CartStatus, ProductQty, BillNumber) values (98, 'Fania', 52, 98);
insert into Cart (CartID, CartStatus, ProductQty, BillNumber) values (99, 'Court', 71, 99);
insert into Cart (CartID, CartStatus, ProductQty, BillNumber) values (100, 'Kory', 70, 100);


create table Admin (
	AdminID INT,
	AdminName VARCHAR(50),
    primary key (`AdminID`)
);
insert into Admin (AdminID, AdminName) values (1, 'Ankit Singh');


create table SubCategory (
	SubCategoryID INT,
	SubCategoryName VARCHAR(50),
	Description VARCHAR(50),
    primary key (`SubCategoryID`)
);
insert into SubCategory (SubCategoryID, SubCategoryName, Description) values (1, 'Timmie', 'Sutton');
insert into SubCategory (SubCategoryID, SubCategoryName, Description) values (2, 'Tami', 'Tallie');
insert into SubCategory (SubCategoryID, SubCategoryName, Description) values (3, 'Warden', 'Rodge');
insert into SubCategory (SubCategoryID, SubCategoryName, Description) values (4, 'Berny', 'Nikos');
insert into SubCategory (SubCategoryID, SubCategoryName, Description) values (5, 'Caesar', 'Lanny');
insert into SubCategory (SubCategoryID, SubCategoryName, Description) values (6, 'Jyoti', 'Dall');
insert into SubCategory (SubCategoryID, SubCategoryName, Description) values (7, 'Conan', 'Gerhardine');
insert into SubCategory (SubCategoryID, SubCategoryName, Description) values (8, 'Natividad', 'Tamera');
insert into SubCategory (SubCategoryID, SubCategoryName, Description) values (9, 'Imogene', 'Theodosia');
insert into SubCategory (SubCategoryID, SubCategoryName, Description) values (10, 'Leopold', 'Bucky');
insert into SubCategory (SubCategoryID, SubCategoryName, Description) values (11, 'Krissy', 'Donovan');
insert into SubCategory (SubCategoryID, SubCategoryName, Description) values (12, 'Frank', 'Daveen');
insert into SubCategory (SubCategoryID, SubCategoryName, Description) values (13, 'Dave', 'Cob');
insert into SubCategory (SubCategoryID, SubCategoryName, Description) values (14, 'Garek', 'Kean');
insert into SubCategory (SubCategoryID, SubCategoryName, Description) values (15, 'Hastings', 'Clementia');
insert into SubCategory (SubCategoryID, SubCategoryName, Description) values (16, 'Ciel', 'Borden');
insert into SubCategory (SubCategoryID, SubCategoryName, Description) values (17, 'Camella', 'Brana');
insert into SubCategory (SubCategoryID, SubCategoryName, Description) values (18, 'Monique', 'Dav');
insert into SubCategory (SubCategoryID, SubCategoryName, Description) values (19, 'Aldon', 'Colette');
insert into SubCategory (SubCategoryID, SubCategoryName, Description) values (20, 'Octavia', 'Boycey');
insert into SubCategory (SubCategoryID, SubCategoryName, Description) values (21, 'Danice', 'Willamina');
insert into SubCategory (SubCategoryID, SubCategoryName, Description) values (22, 'Nicholas', 'Debora');
insert into SubCategory (SubCategoryID, SubCategoryName, Description) values (23, 'Elly', 'Odetta');
insert into SubCategory (SubCategoryID, SubCategoryName, Description) values (24, 'Elsie', 'Susanna');
insert into SubCategory (SubCategoryID, SubCategoryName, Description) values (25, 'Jamie', 'Geoffry');
insert into SubCategory (SubCategoryID, SubCategoryName, Description) values (26, 'Veriee', 'Demetris');
insert into SubCategory (SubCategoryID, SubCategoryName, Description) values (27, 'Alika', 'James');
insert into SubCategory (SubCategoryID, SubCategoryName, Description) values (28, 'Blayne', 'Trixie');
insert into SubCategory (SubCategoryID, SubCategoryName, Description) values (29, 'Federico', 'Todd');
insert into SubCategory (SubCategoryID, SubCategoryName, Description) values (30, 'Marinna', 'Rycca');
insert into SubCategory (SubCategoryID, SubCategoryName, Description) values (31, 'Jillayne', 'Nikolaus');
insert into SubCategory (SubCategoryID, SubCategoryName, Description) values (32, 'Freddy', 'Charlotte');
insert into SubCategory (SubCategoryID, SubCategoryName, Description) values (33, 'Mahala', 'Ceciley');
insert into SubCategory (SubCategoryID, SubCategoryName, Description) values (34, 'Lukas', 'Marya');
insert into SubCategory (SubCategoryID, SubCategoryName, Description) values (35, 'Shawn', 'Homer');
insert into SubCategory (SubCategoryID, SubCategoryName, Description) values (36, 'Radcliffe', 'Brandise');
insert into SubCategory (SubCategoryID, SubCategoryName, Description) values (37, 'Matthew', 'Bunny');
insert into SubCategory (SubCategoryID, SubCategoryName, Description) values (38, 'Lisbeth', 'Mallory');
insert into SubCategory (SubCategoryID, SubCategoryName, Description) values (39, 'Camala', 'Kingsley');
insert into SubCategory (SubCategoryID, SubCategoryName, Description) values (40, 'Arleyne', 'Carree');
insert into SubCategory (SubCategoryID, SubCategoryName, Description) values (41, 'Tandie', 'Lettie');
insert into SubCategory (SubCategoryID, SubCategoryName, Description) values (42, 'Seumas', 'Ezekiel');
insert into SubCategory (SubCategoryID, SubCategoryName, Description) values (43, 'Izaak', 'Hube');
insert into SubCategory (SubCategoryID, SubCategoryName, Description) values (44, 'Artemus', 'Dianna');
insert into SubCategory (SubCategoryID, SubCategoryName, Description) values (45, 'Flori', 'Madlen');
insert into SubCategory (SubCategoryID, SubCategoryName, Description) values (46, 'Kahaleel', 'Christian');
insert into SubCategory (SubCategoryID, SubCategoryName, Description) values (47, 'Arvin', 'Courtney');
insert into SubCategory (SubCategoryID, SubCategoryName, Description) values (48, 'Briney', 'Bradney');
insert into SubCategory (SubCategoryID, SubCategoryName, Description) values (49, 'Manon', 'Rockwell');
insert into SubCategory (SubCategoryID, SubCategoryName, Description) values (50, 'Roana', 'Hillary');
insert into SubCategory (SubCategoryID, SubCategoryName, Description) values (51, 'Tyrone', 'Ofilia');
insert into SubCategory (SubCategoryID, SubCategoryName, Description) values (52, 'Jeremy', 'Garold');
insert into SubCategory (SubCategoryID, SubCategoryName, Description) values (53, 'Alfredo', 'Porty');
insert into SubCategory (SubCategoryID, SubCategoryName, Description) values (54, 'Lacy', 'Joshua');
insert into SubCategory (SubCategoryID, SubCategoryName, Description) values (55, 'Martica', 'Cindelyn');
insert into SubCategory (SubCategoryID, SubCategoryName, Description) values (56, 'Katalin', 'Andy');
insert into SubCategory (SubCategoryID, SubCategoryName, Description) values (57, 'Gabbey', 'Burk');
insert into SubCategory (SubCategoryID, SubCategoryName, Description) values (58, 'Greta', 'Imogene');
insert into SubCategory (SubCategoryID, SubCategoryName, Description) values (59, 'Artemus', 'Tymon');
insert into SubCategory (SubCategoryID, SubCategoryName, Description) values (60, 'Scottie', 'Omero');
insert into SubCategory (SubCategoryID, SubCategoryName, Description) values (61, 'Frazer', 'Rosalynd');
insert into SubCategory (SubCategoryID, SubCategoryName, Description) values (62, 'Emmerich', 'Baillie');
insert into SubCategory (SubCategoryID, SubCategoryName, Description) values (63, 'Vernice', 'Haleigh');
insert into SubCategory (SubCategoryID, SubCategoryName, Description) values (64, 'Doralynne', 'Carroll');
insert into SubCategory (SubCategoryID, SubCategoryName, Description) values (65, 'Sibyl', 'Caroljean');
insert into SubCategory (SubCategoryID, SubCategoryName, Description) values (66, 'Base', 'Gerty');
insert into SubCategory (SubCategoryID, SubCategoryName, Description) values (67, 'Marna', 'Aleen');
insert into SubCategory (SubCategoryID, SubCategoryName, Description) values (68, 'Ulla', 'Elaine');
insert into SubCategory (SubCategoryID, SubCategoryName, Description) values (69, 'Terrence', 'Carce');
insert into SubCategory (SubCategoryID, SubCategoryName, Description) values (70, 'Gwenneth', 'Marya');
insert into SubCategory (SubCategoryID, SubCategoryName, Description) values (71, 'Verine', 'Muire');
insert into SubCategory (SubCategoryID, SubCategoryName, Description) values (72, 'Magda', 'Lory');
insert into SubCategory (SubCategoryID, SubCategoryName, Description) values (73, 'Martyn', 'Neill');
insert into SubCategory (SubCategoryID, SubCategoryName, Description) values (74, 'Esteban', 'Amabelle');
insert into SubCategory (SubCategoryID, SubCategoryName, Description) values (75, 'Cindee', 'Valida');
insert into SubCategory (SubCategoryID, SubCategoryName, Description) values (76, 'Jacinda', 'Ardith');
insert into SubCategory (SubCategoryID, SubCategoryName, Description) values (77, 'Renie', 'Corey');
insert into SubCategory (SubCategoryID, SubCategoryName, Description) values (78, 'Leone', 'Bartolomeo');
insert into SubCategory (SubCategoryID, SubCategoryName, Description) values (79, 'Elisabeth', 'Krystal');
insert into SubCategory (SubCategoryID, SubCategoryName, Description) values (80, 'Erwin', 'Virgil');
insert into SubCategory (SubCategoryID, SubCategoryName, Description) values (81, 'Tressa', 'Meier');
insert into SubCategory (SubCategoryID, SubCategoryName, Description) values (82, 'Darbee', 'Rube');
insert into SubCategory (SubCategoryID, SubCategoryName, Description) values (83, 'Manya', 'Yulma');
insert into SubCategory (SubCategoryID, SubCategoryName, Description) values (84, 'Gunar', 'Marna');
insert into SubCategory (SubCategoryID, SubCategoryName, Description) values (85, 'Bethina', 'Cordie');
insert into SubCategory (SubCategoryID, SubCategoryName, Description) values (86, 'Madelene', 'Solly');
insert into SubCategory (SubCategoryID, SubCategoryName, Description) values (87, 'Rand', 'Brandais');
insert into SubCategory (SubCategoryID, SubCategoryName, Description) values (88, 'Jen', 'Batsheva');
insert into SubCategory (SubCategoryID, SubCategoryName, Description) values (89, 'Tricia', 'Lay');
insert into SubCategory (SubCategoryID, SubCategoryName, Description) values (90, 'Beck', 'Danie');
insert into SubCategory (SubCategoryID, SubCategoryName, Description) values (91, 'Yves', 'Rollins');
insert into SubCategory (SubCategoryID, SubCategoryName, Description) values (92, 'Mab', 'Zoe');
insert into SubCategory (SubCategoryID, SubCategoryName, Description) values (93, 'Tyson', 'Xenia');
insert into SubCategory (SubCategoryID, SubCategoryName, Description) values (94, 'Lotti', 'Murielle');
insert into SubCategory (SubCategoryID, SubCategoryName, Description) values (95, 'Joshua', 'Eda');
insert into SubCategory (SubCategoryID, SubCategoryName, Description) values (96, 'Saxon', 'Babita');
insert into SubCategory (SubCategoryID, SubCategoryName, Description) values (97, 'Lee', 'Regan');
insert into SubCategory (SubCategoryID, SubCategoryName, Description) values (98, 'Junie', 'Tammy');
insert into SubCategory (SubCategoryID, SubCategoryName, Description) values (99, 'Kristian', 'Allene');
insert into SubCategory (SubCategoryID, SubCategoryName, Description) values (100, 'Harper', 'Milty');


